x,y,class
0.228,0.559,1
0.216,0.528,1
0.221,0.552,1
0.215,0.538,1
0.224,0.548,1
0.232,0.553,1
0.216,0.525,1
0.225,0.538,1
0.206,0.554,1
0.219,0.582,1
0.216,0.575,1
0.212,0.567,1
0.241,0.551,1
0.238,0.538,1
0.232,0.524,1
0.24,0.545,1
0.223,0.528,1
0.222,0.527,1
0.233,0.562,1
0.19,0.546,1
0.209,0.558,1
0.239,0.559,1
0.24,0.54,1
0.222,0.557,1
0.22,0.539,1
0.233,0.548,1
0.221,0.558,1
0.212,0.564,1
0.244,0.584,1
0.236,0.558,1
0.229,0.532,1
0.23,0.547,1
0.238,0.551,1
0.244,0.54,1
0.238,0.542,1
0.234,0.559,1
0.232,0.534,1
0.226,0.527,1
0.199,0.59,1
0.223,0.552,1
0.226,0.525,1
0.241,0.537,1
0.214,0.517,1
0.213,0.556,1
0.226,0.532,1
0.214,0.565,1
0.223,0.573,1
0.225,0.552,1
0.258,0.554,1
0.208,0.594,1
0.222,0.535,1
0.212,0.547,1
0.21,0.553,1
0.211,0.545,1
0.236,0.551,1
0.229,0.568,1
0.241,0.565,1
0.235,0.546,1
0.22,0.562,1
0.196,0.552,1
0.226,0.539,1
0.211,0.582,1
0.237,0.552,1
0.223,0.56,1
0.226,0.562,1
0.246,0.543,1
0.219,0.551,1
0.232,0.571,1
0.227,0.545,1
0.213,0.566,1
0.235,0.561,1
0.237,0.574,1
0.218,0.523,1
0.227,0.573,1
0.244,0.551,1
0.232,0.555,1
0.239,0.563,1
0.234,0.575,1
0.219,0.564,1
0.253,0.56,1
0.241,0.567,1
0.231,0.532,1
0.228,0.576,1
0.214,0.548,1
0.23,0.587,1
0.234,0.539,1
0.227,0.536,1
0.216,0.544,1
0.228,0.563,1
0.235,0.549,1
0.234,0.589,1
0.203,0.575,1
0.248,0.567,1
0.226,0.537,1
0.213,0.594,1
0.223,0.534,1
0.25,0.579,1
0.207,0.523,1
0.233,0.576,1
0.242,0.584,1
0.221,0.556,1
0.234,0.568,1
0.231,0.58,1
0.228,0.559,1
0.215,0.545,1
0.244,0.573,1
0.225,0.572,1
0.248,0.544,1
0.239,0.55,1
0.23,0.579,1
0.244,0.6,1
0.229,0.571,1
0.224,0.574,1
0.251,0.578,1
0.224,0.56,1
0.26,0.6,1
0.206,0.57,1
0.208,0.589,1
0.218,0.561,1
0.22,0.562,1
0.231,0.607,1
0.203,0.562,1
0.229,0.546,1
0.256,0.553,1
0.245,0.576,1
0.227,0.6,1
0.237,0.559,1
0.236,0.607,1
0.245,0.586,1
0.231,0.581,1
0.215,0.557,1
0.245,0.568,1
0.212,0.56,1
0.213,0.579,1
0.227,0.578,1
0.224,0.593,1
0.221,0.584,1
0.211,0.579,1
0.215,0.61,1
0.23,0.569,1
0.223,0.553,1
0.216,0.578,1
0.222,0.568,1
0.244,0.588,1
0.238,0.557,1
0.24,0.576,1
0.24,0.603,1
0.231,0.591,1
0.239,0.625,1
0.219,0.622,1
0.23,0.565,1
0.227,0.615,1
0.215,0.606,1
0.217,0.613,1
0.234,0.591,1
0.236,0.596,1
0.223,0.559,1
0.229,0.579,1
0.236,0.594,1
0.213,0.595,1
0.243,0.587,1
0.236,0.61,1
0.231,0.591,1
0.216,0.577,1
0.227,0.636,1
0.214,0.598,1
0.237,0.598,1
0.238,0.619,1
0.222,0.591,1
0.226,0.59,1
0.252,0.608,1
0.23,0.582,1
0.228,0.606,1
0.223,0.638,1
0.221,0.616,1
0.226,0.598,1
0.22,0.585,1
0.23,0.589,1
0.21,0.621,1
0.216,0.572,1
0.22,0.589,1
0.237,0.597,1
0.238,0.555,1
0.213,0.608,1
0.223,0.581,1
0.209,0.575,1
0.218,0.59,1
0.252,0.623,1
0.221,0.647,1
0.236,0.582,1
0.218,0.61,1
0.24,0.591,1
0.229,0.612,1
0.21,0.57,1
0.228,0.615,1
0.22,0.628,1
0.225,0.598,1
0.223,0.608,1
0.211,0.603,1
0.211,0.594,1
0.212,0.602,1
0.23,0.571,1
0.259,0.627,1
0.247,0.595,1
0.208,0.625,1
0.218,0.63,1
0.208,0.641,1
0.218,0.602,1
0.226,0.553,1
0.211,0.622,1
0.218,0.6,1
0.219,0.603,1
0.237,0.626,1
0.213,0.609,1
0.215,0.614,1
0.218,0.61,1
0.244,0.592,1
0.221,0.599,1
0.24,0.609,1
0.216,0.613,1
0.231,0.638,1
0.224,0.64,1
0.242,0.595,1
0.261,0.642,1
0.243,0.627,1
0.236,0.609,1
0.217,0.639,1
0.213,0.62,1
0.223,0.585,1
0.222,0.58,1
0.222,0.615,1
0.222,0.62,1
0.221,0.608,1
0.209,0.611,1
0.188,0.631,1
0.231,0.582,1
0.222,0.637,1
0.21,0.648,1
0.218,0.597,1
0.218,0.623,1
0.211,0.613,1
0.228,0.612,1
0.189,0.637,1
0.221,0.619,1
0.223,0.607,1
0.249,0.641,1
0.219,0.606,1
0.245,0.637,1
0.212,0.629,1
0.194,0.595,1
0.223,0.594,1
0.209,0.645,1
0.233,0.612,1
0.22,0.625,1
0.236,0.599,1
0.222,0.655,1
0.246,0.611,1
0.225,0.626,1
0.206,0.577,1
0.224,0.636,1
0.207,0.604,1
0.215,0.629,1
0.226,0.634,1
0.198,0.605,1
0.219,0.635,1
0.215,0.642,1
0.199,0.635,1
0.216,0.617,1
0.239,0.625,1
0.205,0.626,1
0.212,0.629,1
0.221,0.605,1
0.245,0.618,1
0.209,0.629,1
0.225,0.635,1
0.197,0.583,1
0.215,0.621,1
0.204,0.635,1
0.214,0.605,1
0.203,0.634,1
0.224,0.656,1
0.237,0.646,1
0.226,0.651,1
0.255,0.637,1
0.206,0.616,1
0.232,0.616,1
0.221,0.609,1
0.207,0.627,1
0.237,0.643,1
0.222,0.644,1
0.213,0.628,1
0.208,0.613,1
0.223,0.661,1
0.22,0.642,1
0.22,0.639,1
0.2,0.663,1
0.211,0.641,1
0.231,0.607,1
0.224,0.63,1
0.227,0.661,1
0.206,0.606,1
0.207,0.655,1
0.201,0.648,1
0.226,0.642,1
0.231,0.65,1
0.213,0.651,1
0.249,0.68,1
0.219,0.664,1
0.219,0.653,1
0.183,0.657,1
0.225,0.666,1
0.21,0.649,1
0.219,0.638,1
0.182,0.62,1
0.202,0.661,1
0.224,0.624,1
0.196,0.654,1
0.217,0.687,1
0.197,0.669,1
0.254,0.668,1
0.221,0.657,1
0.232,0.66,1
0.23,0.672,1
0.206,0.689,1
0.211,0.697,1
0.2,0.665,1
0.221,0.659,1
0.239,0.644,1
0.218,0.664,1
0.191,0.649,1
0.202,0.637,1
0.223,0.648,1
0.219,0.674,1
0.206,0.671,1
0.229,0.649,1
0.23,0.671,1
0.232,0.653,1
0.219,0.673,1
0.211,0.672,1
0.221,0.654,1
0.195,0.666,1
0.211,0.69,1
0.24,0.699,1
0.186,0.685,1
0.199,0.683,1
0.23,0.653,1
0.204,0.661,1
0.227,0.664,1
0.222,0.71,1
0.218,0.683,1
0.192,0.677,1
0.215,0.68,1
0.223,0.683,1
0.209,0.698,1
0.227,0.677,1
0.241,0.695,1
0.206,0.682,1
0.243,0.702,1
0.236,0.71,1
0.223,0.677,1
0.224,0.687,1
0.211,0.667,1
0.25,0.659,1
0.227,0.668,1
0.219,0.728,1
0.224,0.693,1
0.22,0.675,1
0.211,0.692,1
0.23,0.685,1
0.219,0.694,1
0.227,0.676,1
0.24,0.724,1
0.209,0.711,1
0.239,0.683,1
0.21,0.682,1
0.225,0.703,1
0.233,0.659,1
0.22,0.691,1
0.239,0.701,1
0.224,0.68,1
0.221,0.73,1
0.222,0.703,1
0.196,0.686,1
0.231,0.709,1
0.225,0.7,1
0.209,0.719,1
0.234,0.696,1
0.209,0.734,1
0.238,0.694,1
0.235,0.689,1
0.228,0.723,1
0.206,0.691,1
0.221,0.681,1
0.209,0.713,1
0.228,0.689,1
0.213,0.702,1
0.239,0.681,1
0.211,0.679,1
0.243,0.71,1
0.243,0.733,1
0.221,0.714,1
0.229,0.698,1
0.226,0.662,1
0.232,0.692,1
0.233,0.74,1
0.234,0.721,1
0.219,0.709,1
0.267,0.684,1
0.23,0.71,1
0.219,0.709,1
0.214,0.698,1
0.228,0.705,1
0.233,0.729,1
0.221,0.747,1
0.218,0.703,1
0.251,0.691,1
0.212,0.746,1
0.257,0.767,1
0.234,0.703,1
0.258,0.707,1
0.214,0.748,1
0.209,0.743,1
0.232,0.728,1
0.257,0.728,1
0.246,0.721,1
0.243,0.724,1
0.228,0.77,1
0.217,0.708,1
0.232,0.72,1
0.239,0.732,1
0.242,0.757,1
0.24,0.731,1
0.214,0.749,1
0.214,0.727,1
0.217,0.757,1
0.23,0.769,1
0.244,0.749,1
0.237,0.74,1
0.232,0.754,1
0.246,0.728,1
0.25,0.738,1
0.239,0.764,1
0.228,0.746,1
0.248,0.747,1
0.232,0.786,1
0.214,0.784,1
0.239,0.739,1
0.217,0.71,1
0.243,0.765,1
0.214,0.777,1
0.244,0.761,1
0.256,0.754,1
0.225,0.727,1
0.232,0.761,1
0.241,0.77,1
0.233,0.701,1
0.217,0.744,1
0.24,0.745,1
0.259,0.783,1
0.248,0.748,1
0.247,0.756,1
0.23,0.787,1
0.243,0.777,1
0.234,0.783,1
0.234,0.741,1
0.226,0.766,1
0.239,0.768,1
0.237,0.795,1
0.229,0.772,1
0.241,0.742,1
0.229,0.744,1
0.245,0.76,1
0.251,0.776,1
0.245,0.772,1
0.225,0.763,1
0.233,0.722,1
0.261,0.77,1
0.237,0.763,1
0.237,0.751,1
0.241,0.753,1
0.225,0.757,1
0.251,0.784,1
0.252,0.736,1
0.248,0.779,1
0.239,0.774,1
0.256,0.745,1
0.243,0.755,1
0.255,0.785,1
0.22,0.78,1
0.251,0.757,1
0.239,0.752,1
0.266,0.776,1
0.219,0.786,1
0.232,0.794,1
0.253,0.726,1
0.244,0.756,1
0.245,0.803,1
0.242,0.758,1
0.248,0.792,1
0.227,0.796,1
0.247,0.777,1
0.232,0.77,1
0.238,0.801,1
0.233,0.751,1
0.233,0.774,1
0.25,0.776,1
0.243,0.756,1
0.258,0.797,1
0.256,0.824,1
0.244,0.798,1
0.246,0.756,1
0.263,0.757,1
0.274,0.772,1
0.245,0.782,1
0.256,0.787,1
0.235,0.778,1
0.256,0.746,1
0.247,0.789,1
0.252,0.789,1
0.262,0.789,1
0.242,0.775,1
0.243,0.807,1
0.26,0.766,1
0.263,0.795,1
0.252,0.801,1
0.257,0.795,1
0.245,0.785,1
0.252,0.792,1
0.258,0.799,1
0.243,0.796,1
0.265,0.792,1
0.259,0.818,1
0.268,0.787,1
0.257,0.81,1
0.242,0.804,1
0.252,0.794,1
0.253,0.809,1
0.275,0.781,1
0.251,0.787,1
0.255,0.792,1
0.27,0.818,1
0.252,0.805,1
0.261,0.81,1
0.245,0.822,1
0.256,0.793,1
0.273,0.795,1
0.242,0.812,1
0.244,0.82,1
0.269,0.796,1
0.266,0.81,1
0.262,0.804,1
0.272,0.78,1
0.282,0.806,1
0.272,0.793,1
0.283,0.813,1
0.263,0.835,1
0.262,0.797,1
0.269,0.804,1
0.256,0.79,1
0.278,0.825,1
0.261,0.78,1
0.263,0.797,1
0.226,0.832,1
0.291,0.812,1
0.262,0.788,1
0.249,0.807,1
0.282,0.814,1
0.243,0.825,1
0.253,0.786,1
0.269,0.8,1
0.272,0.81,1
0.269,0.777,1
0.275,0.804,1
0.272,0.801,1
0.253,0.795,1
0.265,0.793,1
0.265,0.815,1
0.255,0.835,1
0.249,0.824,1
0.262,0.81,1
0.257,0.834,1
0.277,0.789,1
0.269,0.833,1
0.251,0.818,1
0.273,0.821,1
0.263,0.832,1
0.258,0.812,1
0.247,0.824,1
0.278,0.799,1
0.274,0.843,1
0.27,0.821,1
0.258,0.82,1
0.276,0.825,1
0.261,0.813,1
0.275,0.799,1
0.273,0.815,1
0.262,0.863,1
0.27,0.817,1
0.27,0.804,1
0.275,0.81,1
0.266,0.816,1
0.261,0.816,1
0.29,0.812,1
0.275,0.811,1
0.266,0.802,1
0.292,0.797,1
0.26,0.8,1
0.263,0.84,1
0.276,0.838,1
0.261,0.831,1
0.277,0.821,1
0.284,0.835,1
0.243,0.84,1
0.269,0.827,1
0.28,0.82,1
0.278,0.831,1
0.264,0.824,1
0.293,0.841,1
0.252,0.828,1
0.277,0.829,1
0.276,0.829,1
0.287,0.858,1
0.281,0.832,1
0.288,0.832,1
0.267,0.806,1
0.284,0.812,1
0.28,0.86,1
0.258,0.823,1
0.29,0.86,1
0.269,0.801,1
0.27,0.849,1
0.289,0.831,1
0.279,0.846,1
0.283,0.824,1
0.298,0.817,1
0.299,0.818,1
0.277,0.837,1
0.255,0.857,1
0.269,0.804,1
0.294,0.819,1
0.277,0.833,1
0.269,0.814,1
0.258,0.825,1
0.263,0.844,1
0.273,0.851,1
0.293,0.798,1
0.292,0.844,1
0.272,0.822,1
0.295,0.817,1
0.295,0.828,1
0.3,0.835,1
0.304,0.861,1
0.303,0.821,1
0.274,0.834,1
0.303,0.834,1
0.298,0.816,1
0.31,0.835,1
0.286,0.835,1
0.282,0.848,1
0.31,0.841,1
0.27,0.859,1
0.283,0.825,1
0.269,0.846,1
0.306,0.849,1
0.298,0.823,1
0.275,0.826,1
0.285,0.842,1
0.323,0.812,1
0.291,0.859,1
0.301,0.823,1
0.289,0.878,1
0.278,0.801,1
0.298,0.818,1
0.294,0.86,1
0.287,0.84,1
0.31,0.869,1
0.284,0.854,1
0.298,0.857,1
0.288,0.838,1
0.271,0.801,1
0.309,0.851,1
0.306,0.841,1
0.303,0.891,1
0.287,0.846,1
0.295,0.866,1
0.274,0.826,1
0.296,0.812,1
0.306,0.841,1
0.314,0.881,1
0.299,0.863,1
0.308,0.825,1
0.314,0.805,1
0.307,0.87,1
0.294,0.854,1
0.31,0.848,1
0.297,0.858,1
0.29,0.858,1
0.296,0.869,1
0.288,0.86,1
0.325,0.877,1
0.289,0.867,1
0.316,0.868,1
0.317,0.842,1
0.267,0.861,1
0.303,0.866,1
0.309,0.84,1
0.306,0.877,1
0.31,0.851,1
0.313,0.87,1
0.305,0.868,1
0.303,0.843,1
0.309,0.866,1
0.315,0.858,1
0.3,0.841,1
0.31,0.871,1
0.317,0.852,1
0.299,0.884,1
0.306,0.851,1
0.316,0.874,1
0.308,0.855,1
0.305,0.836,1
0.301,0.876,1
0.329,0.848,1
0.318,0.863,1
0.306,0.886,1
0.328,0.845,1
0.292,0.83,1
0.307,0.872,1
0.312,0.842,1
0.308,0.872,1
0.307,0.838,1
0.33,0.856,1
0.318,0.872,1
0.32,0.869,1
0.327,0.895,1
0.322,0.905,1
0.316,0.883,1
0.323,0.854,1
0.326,0.893,1
0.32,0.88,1
0.304,0.867,1
0.308,0.874,1
0.346,0.883,1
0.331,0.854,1
0.323,0.864,1
0.348,0.87,1
0.334,0.851,1
0.338,0.844,1
0.331,0.885,1
0.328,0.902,1
0.337,0.862,1
0.33,0.855,1
0.356,0.866,1
0.338,0.86,1
0.353,0.875,1
0.34,0.859,1
0.345,0.847,1
0.357,0.855,1
0.339,0.836,1
0.36,0.836,1
0.327,0.869,1
0.339,0.855,1
0.346,0.871,1
0.382,0.837,1
0.345,0.868,1
0.351,0.846,1
0.33,0.847,1
0.351,0.862,1
0.347,0.857,1
0.353,0.866,1
0.342,0.87,1
0.335,0.891,1
0.351,0.87,1
0.357,0.851,1
0.335,0.848,1
0.35,0.876,1
0.349,0.836,1
0.36,0.866,1
0.36,0.889,1
0.357,0.885,1
0.388,0.857,1
0.371,0.884,1
0.336,0.859,1
0.334,0.846,1
0.362,0.878,1
0.333,0.839,1
0.33,0.849,1
0.357,0.88,1
0.343,0.881,1
0.356,0.892,1
0.339,0.877,1
0.357,0.893,1
0.339,0.881,1
0.35,0.891,1
0.36,0.86,1
0.355,0.835,1
0.343,0.872,1
0.374,0.843,1
0.353,0.85,1
0.368,0.887,1
0.331,0.894,1
0.366,0.855,1
0.332,0.869,1
0.367,0.864,1
0.355,0.864,1
0.362,0.866,1
0.377,0.879,1
0.363,0.86,1
0.354,0.841,1
0.341,0.857,1
0.376,0.858,1
0.329,0.88,1
0.356,0.852,1
0.35,0.886,1
0.338,0.864,1
0.35,0.857,1
0.366,0.886,1
0.374,0.877,1
0.365,0.847,1
0.383,0.872,1
0.344,0.898,1
0.367,0.888,1
0.37,0.885,1
0.364,0.886,1
0.359,0.899,1
0.378,0.85,1
0.353,0.842,1
0.361,0.862,1
0.371,0.863,1
0.386,0.902,1
0.385,0.886,1
0.366,0.901,1
0.362,0.886,1
0.397,0.863,1
0.381,0.872,1
0.401,0.878,1
0.38,0.852,1
0.381,0.892,1
0.389,0.86,1
0.368,0.88,1
0.352,0.886,1
0.38,0.886,1
0.381,0.878,1
0.359,0.873,1
0.393,0.875,1
0.377,0.87,1
0.37,0.861,1
0.395,0.864,1
0.385,0.872,1
0.372,0.869,1
0.382,0.902,1
0.391,0.869,1
0.39,0.884,1
0.375,0.834,1
0.379,0.856,1
0.394,0.85,1
0.407,0.862,1
0.375,0.884,1
0.394,0.88,1
0.392,0.887,1
0.414,0.88,1
0.408,0.874,1
0.376,0.854,1
0.404,0.866,1
0.402,0.89,1
0.382,0.86,1
0.378,0.876,1
0.403,0.864,1
0.398,0.881,1
0.385,0.877,1
0.401,0.881,1
0.399,0.888,1
0.408,0.868,1
0.392,0.903,1
0.401,0.865,1
0.409,0.867,1
0.395,0.864,1
0.37,0.882,1
0.392,0.873,1
0.396,0.882,1
0.382,0.865,1
0.408,0.855,1
0.395,0.894,1
0.404,0.897,1
0.391,0.877,1
0.379,0.88,1
0.389,0.855,1
0.411,0.824,1
0.393,0.883,1
0.396,0.825,1
0.409,0.864,1
0.398,0.892,1
0.41,0.888,1
0.394,0.868,1
0.392,0.843,1
0.411,0.861,1
0.406,0.877,1
0.422,0.852,1
0.408,0.893,1
0.406,0.903,1
0.4,0.908,1
0.429,0.858,1
0.406,0.864,1
0.418,0.857,1
0.428,0.831,1
0.439,0.872,1
0.414,0.872,1
0.431,0.873,1
0.416,0.846,1
0.401,0.877,1
0.401,0.872,1
0.422,0.866,1
0.428,0.849,1
0.463,0.868,1
0.435,0.895,1
0.413,0.872,1
0.43,0.893,1
0.434,0.855,1
0.415,0.882,1
0.411,0.854,1
0.442,0.871,1
0.42,0.868,1
0.442,0.866,1
0.431,0.877,1
0.427,0.865,1
0.426,0.882,1
0.43,0.846,1
0.445,0.88,1
0.423,0.845,1
0.43,0.878,1
0.429,0.848,1
0.46,0.852,1
0.431,0.861,1
0.454,0.847,1
0.418,0.837,1
0.436,0.855,1
0.451,0.819,1
0.423,0.873,1
0.463,0.863,1
0.456,0.85,1
0.442,0.863,1
0.449,0.877,1
0.449,0.878,1
0.468,0.878,1
0.452,0.864,1
0.451,0.85,1
0.462,0.844,1
0.464,0.86,1
0.459,0.864,1
0.449,0.88,1
0.451,0.858,1
0.462,0.861,1
0.459,0.901,1
0.469,0.852,1
0.442,0.878,1
0.468,0.872,1
0.452,0.866,1
0.437,0.861,1
0.454,0.857,1
0.428,0.861,1
0.468,0.827,1
0.452,0.83,1
0.473,0.88,1
0.472,0.89,1
0.457,0.87,1
0.435,0.892,1
0.441,0.881,1
0.459,0.891,1
0.448,0.863,1
0.461,0.86,1
0.442,0.853,1
0.479,0.875,1
0.456,0.839,1
0.453,0.89,1
0.457,0.851,1
0.456,0.854,1
0.481,0.842,1
0.474,0.847,1
0.452,0.86,1
0.474,0.83,1
0.481,0.866,1
0.448,0.838,1
0.463,0.883,1
0.476,0.862,1
0.48,0.89,1
0.459,0.859,1
0.484,0.875,1
0.453,0.882,1
0.507,0.848,1
0.461,0.872,1
0.467,0.842,1
0.467,0.843,1
0.492,0.844,1
0.457,0.855,1
0.492,0.824,1
0.485,0.838,1
0.452,0.862,1
0.477,0.821,1
0.475,0.832,1
0.483,0.829,1
0.484,0.831,1
0.482,0.816,1
0.516,0.868,1
0.494,0.853,1
0.499,0.825,1
0.493,0.823,1
0.494,0.852,1
0.524,0.856,1
0.485,0.85,1
0.477,0.846,1
0.471,0.811,1
0.49,0.839,1
0.511,0.845,1
0.52,0.827,1
0.498,0.828,1
0.489,0.815,1
0.486,0.867,1
0.491,0.844,1
0.489,0.831,1
0.507,0.852,1
0.495,0.84,1
0.53,0.86,1
0.484,0.855,1
0.491,0.853,1
0.505,0.86,1
0.514,0.844,1
0.505,0.815,1
0.496,0.853,1
0.504,0.81,1
0.479,0.861,1
0.53,0.85,1
0.531,0.838,1
0.511,0.831,1
0.504,0.846,1
0.505,0.844,1
0.492,0.838,1
0.499,0.867,1
0.515,0.868,1
0.488,0.843,1
0.491,0.816,1
0.5,0.855,1
0.507,0.852,1
0.515,0.836,1
0.525,0.853,1
0.511,0.839,1
0.517,0.826,1
0.532,0.813,1
0.534,0.824,1
0.517,0.834,1
0.52,0.814,1
0.504,0.819,1
0.518,0.818,1
0.52,0.816,1
0.526,0.84,1
0.52,0.808,1
0.512,0.83,1
0.527,0.822,1
0.508,0.792,1
0.543,0.813,1
0.516,0.799,1
0.517,0.813,1
0.518,0.807,1
0.515,0.805,1
0.544,0.801,1
0.535,0.803,1
0.541,0.829,1
0.512,0.81,1
0.488,0.786,1
0.508,0.82,1
0.528,0.828,1
0.535,0.84,1
0.533,0.827,1
0.525,0.8,1
0.518,0.803,1
0.548,0.772,1
0.541,0.794,1
0.532,0.818,1
0.541,0.775,1
0.549,0.798,1
0.528,0.81,1
0.524,0.798,1
0.553,0.794,1
0.535,0.808,1
0.542,0.79,1
0.529,0.815,1
0.536,0.804,1
0.542,0.78,1
0.552,0.763,1
0.529,0.78,1
0.532,0.781,1
0.552,0.783,1
0.551,0.758,1
0.543,0.793,1
0.558,0.777,1
0.574,0.794,1
0.563,0.749,1
0.556,0.772,1
0.54,0.789,1
0.558,0.794,1
0.571,0.777,1
0.549,0.77,1
0.552,0.787,1
0.552,0.768,1
0.529,0.76,1
0.518,0.783,1
0.551,0.79,1
0.533,0.768,1
0.533,0.781,1
0.543,0.785,1
0.542,0.788,1
0.539,0.781,1
0.568,0.807,1
0.552,0.793,1
0.529,0.76,1
0.538,0.781,1
0.577,0.795,1
0.54,0.806,1
0.561,0.792,1
0.53,0.774,1
0.537,0.79,1
0.565,0.775,1
0.548,0.803,1
0.526,0.749,1
0.548,0.776,1
0.553,0.776,1
0.552,0.763,1
0.544,0.768,1
0.541,0.766,1
0.567,0.761,1
0.558,0.759,1
0.541,0.725,1
0.577,0.771,1
0.55,0.757,1
0.569,0.746,1
0.578,0.743,1
0.544,0.765,1
0.57,0.761,1
0.582,0.787,1
0.578,0.781,1
0.572,0.789,1
0.569,0.767,1
0.571,0.796,1
0.552,0.769,1
0.562,0.747,1
0.567,0.763,1
0.579,0.727,1
0.56,0.767,1
0.582,0.731,1
0.547,0.775,1
0.576,0.769,1
0.581,0.752,1
0.576,0.753,1
0.558,0.784,1
0.579,0.739,1
0.568,0.734,1
0.549,0.756,1
0.568,0.741,1
0.567,0.731,1
0.551,0.774,1
0.568,0.753,1
0.583,0.766,1
0.577,0.714,1
0.563,0.753,1
0.562,0.765,1
0.553,0.755,1
0.575,0.749,1
0.579,0.762,1
0.593,0.767,1
0.564,0.744,1
0.554,0.741,1
0.565,0.731,1
0.576,0.767,1
0.581,0.767,1
0.567,0.735,1
0.561,0.743,1
0.55,0.73,1
0.567,0.754,1
0.558,0.724,1
0.577,0.757,1
0.575,0.733,1
0.581,0.752,1
0.552,0.762,1
0.563,0.734,1
0.581,0.731,1
0.549,0.768,1
0.558,0.697,1
0.562,0.739,1
0.564,0.713,1
0.569,0.722,1
0.58,0.735,1
0.572,0.74,1
0.58,0.739,1
0.571,0.741,1
0.56,0.759,1
0.574,0.709,1
0.594,0.686,1
0.577,0.742,1
0.586,0.742,1
0.591,0.732,1
0.573,0.734,1
0.565,0.725,1
0.582,0.717,1
0.586,0.712,1
0.577,0.732,1
0.602,0.74,1
0.574,0.743,1
0.575,0.706,1
0.577,0.73,1
0.587,0.74,1
0.592,0.719,1
0.579,0.699,1
0.573,0.751,1
0.597,0.714,1
0.597,0.718,1
0.588,0.733,1
0.598,0.718,1
0.598,0.724,1
0.603,0.723,1
0.612,0.694,1
0.584,0.713,1
0.588,0.754,1
0.585,0.716,1
0.578,0.757,1
0.61,0.735,1
0.616,0.703,1
0.591,0.714,1
0.574,0.701,1
0.581,0.703,1
0.596,0.689,1
0.597,0.692,1
0.577,0.716,1
0.581,0.695,1
0.588,0.694,1
0.588,0.722,1
0.577,0.712,1
0.604,0.729,1
0.607,0.699,1
0.588,0.694,1
0.596,0.702,1
0.607,0.723,1
0.592,0.696,1
0.587,0.659,1
0.589,0.69,1
0.592,0.679,1
0.598,0.702,1
0.591,0.667,1
0.606,0.715,1
0.593,0.699,1
0.59,0.704,1
0.597,0.683,1
0.607,0.678,1
0.609,0.66,1
0.6,0.715,1
0.595,0.705,1
0.611,0.677,1
0.58,0.681,1
0.59,0.663,1
0.602,0.688,1
0.6,0.667,1
0.609,0.699,1
0.602,0.71,1
0.565,0.691,1
0.612,0.684,1
0.588,0.684,1
0.594,0.668,1
0.586,0.671,1
0.588,0.681,1
0.613,0.681,1
0.597,0.676,1
0.603,0.691,1
0.584,0.679,1
0.612,0.683,1
0.592,0.655,1
0.607,0.662,1
0.593,0.662,1
0.626,0.673,1
0.576,0.68,1
0.613,0.664,1
0.592,0.673,1
0.593,0.663,1
0.619,0.691,1
0.586,0.669,1
0.602,0.643,1
0.607,0.647,1
0.587,0.673,1
0.605,0.638,1
0.6,0.66,1
0.613,0.655,1
0.61,0.662,1
0.626,0.671,1
0.62,0.623,1
0.611,0.665,1
0.593,0.657,1
0.603,0.683,1
0.59,0.662,1
0.607,0.682,1
0.601,0.652,1
0.605,0.645,1
0.619,0.636,1
0.601,0.641,1
0.638,0.633,1
0.604,0.622,1
0.606,0.626,1
0.61,0.615,1
0.592,0.647,1
0.593,0.628,1
0.603,0.659,1
0.602,0.655,1
0.593,0.618,1
0.608,0.654,1
0.61,0.638,1
0.609,0.63,1
0.605,0.591,1
0.596,0.614,1
0.61,0.622,1
0.626,0.645,1
0.597,0.664,1
0.582,0.595,1
0.616,0.633,1
0.592,0.633,1
0.57,0.624,1
0.629,0.605,1
0.606,0.638,1
0.587,0.606,1
0.595,0.587,1
0.57,0.614,1
0.6,0.637,1
0.604,0.619,1
0.587,0.617,1
0.602,0.622,1
0.617,0.629,1
0.597,0.618,1
0.579,0.594,1
0.584,0.641,1
0.601,0.605,1
0.592,0.617,1
0.6,0.605,1
0.597,0.623,1
0.594,0.625,1
0.595,0.58,1
0.592,0.596,1
0.596,0.619,1
0.612,0.605,1
0.619,0.576,1
0.592,0.595,1
0.615,0.618,1
0.605,0.59,1
0.578,0.622,1
0.589,0.613,1
0.615,0.57,1
0.576,0.599,1
0.583,0.583,1
0.597,0.592,1
0.593,0.615,1
0.62,0.598,1
0.585,0.57,1
0.568,0.597,1
0.583,0.581,1
0.578,0.597,1
0.589,0.589,1
0.591,0.59,1
0.591,0.594,1
0.597,0.598,1
0.577,0.574,1
0.586,0.598,1
0.578,0.577,1
0.575,0.609,1
0.61,0.586,1
0.598,0.561,1
0.586,0.598,1
0.587,0.596,1
0.621,0.559,1
0.617,0.597,1
0.582,0.556,1
0.595,0.603,1
0.624,0.571,1
0.591,0.59,1
0.604,0.604,1
0.623,0.574,1
0.59,0.587,1
0.617,0.551,1
0.59,0.567,1
0.585,0.605,1
0.575,0.555,1
0.621,0.554,1
0.613,0.567,1
0.594,0.606,1
0.598,0.592,1
0.586,0.55,1
0.58,0.584,1
0.577,0.572,1
0.613,0.554,1
0.6,0.576,1
0.581,0.586,1
0.589,0.586,1
0.577,0.557,1
0.596,0.566,1
0.603,0.554,1
0.584,0.561,1
0.6,0.589,1
0.61,0.585,1
0.601,0.583,1
0.574,0.565,1
0.599,0.575,1
0.581,0.588,1
0.594,0.58,1
0.604,0.555,1
0.593,0.558,1
0.588,0.559,1
0.591,0.561,1
0.596,0.589,1
0.595,0.565,1
0.6,0.556,1
0.589,0.583,1
0.613,0.558,1
0.61,0.559,1
0.598,0.552,1
0.603,0.556,1
0.614,0.541,1
0.603,0.553,1
0.598,0.539,1
0.582,0.577,1
0.607,0.564,1
0.606,0.532,1
0.584,0.565,1
0.598,0.578,1
0.597,0.56,1
0.616,0.554,1
0.6,0.53,1
0.578,0.549,1
0.617,0.557,1
0.632,0.543,1
0.598,0.577,1
0.606,0.549,1
0.572,0.57,1
0.594,0.579,1
0.605,0.563,1
0.599,0.547,1
0.595,0.597,1
0.574,0.541,1
0.597,0.515,1
0.6,0.529,1
0.607,0.562,1
0.607,0.54,1
0.62,0.538,1
0.611,0.574,1
0.618,0.576,1
0.606,0.572,1
0.598,0.526,1
0.598,0.53,1
0.594,0.54,1
0.587,0.535,1
0.573,0.541,1
0.584,0.542,1
0.591,0.56,1
0.606,0.578,1
0.612,0.57,1
0.622,0.54,1
0.633,0.549,1
0.587,0.572,1
0.568,0.535,1
0.59,0.549,1
0.604,0.52,1
0.597,0.574,1
0.601,0.572,1
0.59,0.555,1
0.616,0.52,1
0.602,0.539,1
0.609,0.543,1
0.605,0.521,1
0.597,0.526,1
0.603,0.525,1
0.608,0.518,1
0.603,0.526,1
0.608,0.565,1
0.615,0.547,1
0.623,0.566,1
0.62,0.566,1
0.601,0.564,1
0.589,0.501,1
0.591,0.56,1
0.606,0.528,1
0.599,0.56,1
0.591,0.52,1
0.585,0.557,1
0.592,0.549,1
0.598,0.552,1
0.601,0.515,1
0.593,0.532,1
0.627,0.574,1
0.606,0.539,1
0.615,0.573,1
0.599,0.514,1
0.598,0.553,1
0.6,0.544,1
0.606,0.555,1
0.615,0.557,1
0.601,0.561,1
0.623,0.571,1
0.61,0.564,1
0.589,0.537,1
0.61,0.559,1
0.61,0.568,1
0.599,0.549,1
0.576,0.507,1
0.607,0.554,1
0.604,0.58,1
0.633,0.585,1
0.602,0.56,1
0.619,0.548,1
0.615,0.58,1
0.591,0.55,1
0.615,0.577,1
0.603,0.538,1
0.613,0.607,1
0.602,0.566,1
0.607,0.587,1
0.611,0.584,1
0.624,0.562,1
0.628,0.554,1
0.634,0.589,1
0.621,0.577,1
0.615,0.561,1
0.592,0.542,1
0.622,0.602,1
0.622,0.612,1
0.611,0.559,1
0.614,0.563,1
0.62,0.549,1
0.616,0.554,1
0.634,0.59,1
0.614,0.587,1
0.597,0.59,1
0.616,0.609,1
0.615,0.581,1
0.616,0.575,1
0.61,0.597,1
0.608,0.591,1
0.609,0.554,1
0.615,0.564,1
0.64,0.609,1
0.616,0.579,1
0.632,0.577,1
0.602,0.602,1
0.619,0.594,1
0.595,0.608,1
0.62,0.565,1
0.631,0.597,1
0.618,0.589,1
0.616,0.632,1
0.608,0.609,1
0.61,0.583,1
0.602,0.554,1
0.595,0.618,1
0.59,0.625,1
0.635,0.629,1
0.625,0.615,1
0.621,0.635,1
0.614,0.64,1
0.6,0.6,1
0.604,0.625,1
0.612,0.634,1
0.617,0.612,1
0.619,0.625,1
0.623,0.611,1
0.642,0.609,1
0.609,0.649,1
0.622,0.621,1
0.632,0.61,1
0.628,0.638,1
0.595,0.627,1
0.625,0.612,1
0.633,0.613,1
0.608,0.632,1
0.6,0.62,1
0.62,0.655,1
0.568,0.678,1
0.589,0.617,1
0.629,0.647,1
0.599,0.625,1
0.619,0.63,1
0.605,0.665,1
0.612,0.626,1
0.623,0.649,1
0.61,0.634,1
0.579,0.648,1
0.592,0.66,1
0.578,0.655,1
0.62,0.632,1
0.607,0.657,1
0.59,0.635,1
0.611,0.659,1
0.611,0.669,1
0.608,0.681,1
0.607,0.633,1
0.601,0.674,1
0.6,0.676,1
0.581,0.686,1
0.618,0.668,1
0.601,0.677,1
0.603,0.68,1
0.606,0.674,1
0.606,0.692,1
0.593,0.666,1
0.599,0.646,1
0.601,0.672,1
0.602,0.678,1
0.599,0.676,1
0.607,0.676,1
0.576,0.661,1
0.593,0.668,1
0.583,0.672,1
0.6,0.673,1
0.604,0.715,1
0.587,0.67,1
0.611,0.675,1
0.576,0.693,1
0.577,0.679,1
0.584,0.676,1
0.617,0.681,1
0.596,0.684,1
0.601,0.682,1
0.602,0.71,1
0.603,0.704,1
0.601,0.669,1
0.59,0.714,1
0.591,0.676,1
0.584,0.68,1
0.584,0.698,1
0.6,0.703,1
0.59,0.709,1
0.584,0.744,1
0.578,0.728,1
0.579,0.717,1
0.598,0.754,1
0.612,0.708,1
0.597,0.743,1
0.575,0.721,1
0.575,0.726,1
0.591,0.733,1
0.588,0.719,1
0.574,0.691,1
0.578,0.729,1
0.583,0.713,1
0.589,0.71,1
0.557,0.732,1
0.578,0.752,1
0.586,0.73,1
0.576,0.739,1
0.546,0.688,1
0.569,0.72,1
0.572,0.754,1
0.563,0.743,1
0.558,0.757,1
0.58,0.735,1
0.599,0.768,1
0.569,0.734,1
0.545,0.748,1
0.576,0.719,1
0.525,0.735,1
0.558,0.751,1
0.548,0.771,1
0.572,0.749,1
0.577,0.784,1
0.599,0.741,1
0.574,0.795,1
0.552,0.785,1
0.548,0.762,1
0.58,0.78,1
0.558,0.762,1
0.571,0.739,1
0.574,0.776,1
0.525,0.789,1
0.576,0.77,1
0.56,0.79,1
0.547,0.766,1
0.568,0.763,1
0.573,0.744,1
0.575,0.745,1
0.553,0.757,1
0.561,0.766,1
0.562,0.796,1
0.546,0.773,1
0.554,0.776,1
0.565,0.79,1
0.567,0.773,1
0.554,0.794,1
0.559,0.753,1
0.576,0.762,1
0.546,0.776,1
0.563,0.763,1
0.563,0.77,1
0.535,0.809,1
0.551,0.786,1
0.562,0.792,1
0.541,0.8,1
0.533,0.793,1
0.546,0.769,1
0.538,0.81,1
0.564,0.766,1
0.533,0.795,1
0.528,0.798,1
0.531,0.819,1
0.523,0.794,1
0.55,0.794,1
0.545,0.822,1
0.528,0.8,1
0.522,0.839,1
0.512,0.829,1
0.524,0.799,1
0.518,0.836,1
0.515,0.803,1
0.546,0.792,1
0.522,0.849,1
0.526,0.858,1
0.529,0.828,1
0.508,0.817,1
0.512,0.841,1
0.523,0.842,1
0.509,0.834,1
0.52,0.826,1
0.515,0.814,1
0.542,0.82,1
0.506,0.81,1
0.5,0.807,1
0.5,0.836,1
0.521,0.84,1
0.503,0.843,1
0.51,0.84,1
0.489,0.819,1
0.497,0.828,1
0.484,0.81,1
0.509,0.809,1
0.512,0.807,1
0.518,0.833,1
0.519,0.817,1
0.522,0.842,1
0.491,0.846,1
0.502,0.826,1
0.485,0.828,1
0.506,0.867,1
0.498,0.834,1
0.477,0.844,1
0.504,0.822,1
0.478,0.789,1
0.477,0.855,1
0.508,0.847,1
0.471,0.83,1
0.482,0.843,1
0.482,0.829,1
0.473,0.835,1
0.496,0.846,1
0.495,0.851,1
0.489,0.83,1
0.461,0.807,1
0.494,0.832,1
0.471,0.865,1
0.5,0.858,1
0.488,0.846,1
0.453,0.836,1
0.47,0.82,1
0.466,0.894,1
0.464,0.859,1
0.491,0.851,1
0.465,0.857,1
0.464,0.853,1
0.473,0.835,1
0.453,0.835,1
0.473,0.856,1
0.472,0.871,1
0.455,0.848,1
0.465,0.863,1
0.483,0.849,1
0.469,0.867,1
0.466,0.868,1
0.454,0.852,1
0.442,0.831,1
0.45,0.867,1
0.452,0.853,1
0.449,0.858,1
0.445,0.87,1
0.46,0.874,1
0.45,0.867,1
0.443,0.84,1
0.433,0.879,1
0.439,0.852,1
0.428,0.867,1
0.451,0.848,1
0.443,0.85,1
0.45,0.904,1
0.426,0.846,1
0.431,0.881,1
0.426,0.847,1
0.432,0.886,1
0.425,0.843,1
0.424,0.881,1
0.424,0.855,1
0.438,0.857,1
0.415,0.863,1
0.415,0.854,1
0.433,0.853,1
0.419,0.881,1
0.417,0.859,1
0.426,0.852,1
0.42,0.858,1
0.429,0.84,1
0.42,0.855,1
0.417,0.839,1
0.424,0.836,1
0.442,0.876,1
0.425,0.861,1
0.44,0.847,1
0.418,0.854,1
0.422,0.86,1
0.421,0.869,1
0.406,0.864,1
0.418,0.863,1
0.413,0.849,1
0.399,0.879,1
0.398,0.861,1
0.403,0.889,1
0.399,0.828,1
0.406,0.889,1
0.407,0.856,1
0.376,0.851,1
0.415,0.824,1
0.425,0.848,1
0.391,0.874,1
0.4,0.854,1
0.386,0.859,1
0.377,0.848,1
0.418,0.851,1
0.398,0.862,1
0.398,0.83,1
0.388,0.87,1
0.399,0.829,1
0.387,0.846,1
0.381,0.857,1
0.401,0.858,1
0.407,0.851,1
0.395,0.854,1
0.349,0.838,1
0.38,0.825,1
0.384,0.855,1
0.399,0.846,1
0.394,0.864,1
0.375,0.832,1
0.367,0.826,1
0.355,0.87,1
0.355,0.828,1
0.354,0.859,1
0.381,0.859,1
0.401,0.843,1
0.34,0.845,1
0.356,0.864,1
0.369,0.85,1
0.373,0.853,1
0.348,0.826,1
0.379,0.857,1
0.346,0.855,1
0.365,0.85,1
0.381,0.857,1
0.36,0.871,1
0.348,0.857,1
0.377,0.829,1
0.34,0.833,1
0.346,0.864,1
0.349,0.869,1
0.353,0.859,1
0.34,0.874,1
0.304,0.865,1
0.33,0.871,1
0.342,0.889,1
0.318,0.858,1
0.345,0.926,1
0.332,0.828,1
0.338,0.835,1
0.341,0.859,1
0.35,0.848,1
0.346,0.816,1
0.322,0.831,1
0.325,0.851,1
0.339,0.849,1
0.328,0.881,1
0.323,0.873,1
0.332,0.874,1
0.307,0.846,1
0.313,0.824,1
0.324,0.858,1
0.318,0.898,1
0.322,0.868,1
0.336,0.839,1
0.288,0.851,1
0.302,0.859,1
0.339,0.841,1
0.309,0.88,1
0.336,0.849,1
0.342,0.879,1
0.321,0.831,1
0.3,0.844,1
0.308,0.822,1
0.29,0.838,1
0.317,0.839,1
0.32,0.839,1
0.318,0.848,1
0.298,0.802,1
0.312,0.819,1
0.329,0.829,1
0.306,0.84,1
0.32,0.892,1
0.317,0.822,1
0.318,0.826,1
0.317,0.868,1
0.304,0.88,1
0.319,0.831,1
0.317,0.872,1
0.3,0.864,1
0.313,0.825,1
0.301,0.81,1
0.294,0.842,1
0.31,0.863,1
0.293,0.822,1
0.3,0.843,1
0.3,0.836,1
0.304,0.826,1
0.298,0.804,1
0.31,0.83,1
0.295,0.822,1
0.28,0.829,1
0.326,0.833,1
0.297,0.844,1
0.303,0.806,1
0.294,0.809,1
0.304,0.805,1
0.287,0.836,1
0.277,0.811,1
0.275,0.874,1
0.292,0.823,1
0.286,0.824,1
0.281,0.78,1
0.287,0.804,1
0.306,0.792,1
0.315,0.809,1
0.302,0.823,1
0.275,0.788,1
0.275,0.786,1
0.278,0.804,1
0.285,0.828,1
0.296,0.803,1
0.289,0.809,1
0.295,0.809,1
0.277,0.811,1
0.304,0.811,1
0.29,0.835,1
0.278,0.822,1
0.263,0.829,1
0.273,0.822,1
0.277,0.844,1
0.254,0.825,1
0.291,0.82,1
0.267,0.801,1
0.271,0.791,1
0.294,0.783,1
0.268,0.814,1
0.274,0.795,1
0.284,0.786,1
0.275,0.838,1
0.288,0.805,1
0.259,0.784,1
0.267,0.853,1
0.291,0.806,1
0.281,0.786,1
0.272,0.815,1
0.282,0.842,1
0.274,0.817,1
0.268,0.831,1
0.256,0.79,1
0.308,0.819,1
0.255,0.792,1
0.276,0.82,1
0.263,0.822,1
0.267,0.794,1
0.28,0.819,1
0.272,0.821,1
0.306,0.84,1
0.267,0.8,1
0.267,0.82,1
0.256,0.801,1
0.273,0.788,1
0.294,0.809,1
0.282,0.801,1
0.288,0.842,1
0.268,0.829,1
0.253,0.825,1
0.263,0.809,1
0.255,0.801,1
0.26,0.808,1
0.236,0.802,1
0.28,0.813,1
0.258,0.807,1
0.273,0.788,1
0.274,0.805,1
0.265,0.766,1
0.261,0.784,1
0.266,0.82,1
0.267,0.785,1
0.247,0.779,1
0.27,0.819,1
0.26,0.779,1
0.241,0.789,1
0.268,0.786,1
0.257,0.761,1
0.246,0.733,1
0.251,0.805,1
0.285,0.829,1
0.239,0.798,1
0.275,0.771,1
0.267,0.794,1
0.26,0.792,1
0.256,0.787,1
0.258,0.779,1
0.28,0.768,1
0.268,0.806,1
0.257,0.801,1
0.271,0.781,1
0.259,0.773,1
0.248,0.796,1
0.244,0.761,1
0.245,0.784,1
0.242,0.764,1
0.265,0.766,1
0.23,0.743,1
0.242,0.758,1
0.237,0.737,1
0.249,0.794,1
0.245,0.748,1
0.231,0.771,1
0.237,0.739,1
0.254,0.762,1
0.235,0.759,1
0.236,0.762,1
0.235,0.75,1
0.26,0.763,1
0.251,0.738,1
0.236,0.749,1
0.233,0.767,1
0.237,0.73,1
0.244,0.758,1
0.259,0.743,1
0.249,0.729,1
0.249,0.704,1
0.239,0.72,1
0.238,0.689,1
0.228,0.746,1
0.237,0.764,1
0.224,0.727,1
0.244,0.734,1
0.253,0.742,1
0.244,0.702,1
0.236,0.748,1
0.248,0.704,1
0.213,0.714,1
0.244,0.71,1
0.25,0.704,1
0.24,0.749,1
0.258,0.696,1
0.228,0.707,1
0.232,0.686,1
0.225,0.707,1
0.237,0.717,1
0.236,0.699,1
0.228,0.686,1
0.242,0.712,1
0.221,0.697,1
0.238,0.719,1
0.232,0.733,1
0.241,0.707,1
0.233,0.687,1
0.253,0.687,1
0.217,0.699,1
0.225,0.657,1
0.25,0.688,1
0.255,0.701,1
0.258,0.69,1
0.235,0.649,1
0.215,0.65,1
0.242,0.689,1
0.214,0.676,1
0.219,0.696,1
0.244,0.685,1
0.251,0.658,1
0.244,0.68,1
0.204,0.663,1
0.222,0.679,1
0.217,0.63,1
0.236,0.637,1
0.253,0.644,1
0.23,0.679,1
0.214,0.674,1
0.257,0.651,1
0.226,0.665,1
0.229,0.633,1
0.218,0.663,1
0.212,0.651,1
0.208,0.622,1
0.233,0.624,1
0.237,0.647,1
0.224,0.623,1
0.218,0.64,1
0.208,0.602,1
0.202,0.666,1
0.198,0.638,1
0.24,0.642,1
0.208,0.622,1
0.226,0.604,1
0.221,0.658,1
0.214,0.593,1
0.215,0.654,1
0.224,0.606,1
0.224,0.602,1
0.197,0.625,1
0.215,0.58,1
0.23,0.593,1
0.23,0.592,1
0.234,0.628,1
0.215,0.602,1
0.228,0.62,1
0.262,0.563,1
0.236,0.603,1
0.223,0.577,1
0.227,0.578,1
0.218,0.565,1
0.215,0.583,1
0.222,0.591,1
0.228,0.586,1
0.222,0.567,1
0.213,0.553,1
0.221,0.566,1
0.208,0.544,1
0.201,0.55,1
0.224,0.555,1
0.206,0.568,1
0.221,0.594,1
0.208,0.56,1
0.204,0.551,1
0.241,0.569,1
0.2,0.586,1
0.203,0.577,1
0.217,0.565,1
0.246,0.548,1
0.23,0.493,1
0.216,0.526,1
0.226,0.551,1
0.234,0.538,1
0.215,0.542,1
0.199,0.582,1
0.199,0.552,1
0.251,0.548,1
0.214,0.561,1
0.193,0.568,1
0.22,0.543,1
0.207,0.534,1
0.226,0.561,1
0.643,0.547,1
0.647,0.578,1
0.627,0.56,1
0.645,0.533,1
0.648,0.529,1
0.637,0.548,1
0.623,0.574,1
0.634,0.553,1
0.64,0.593,1
0.633,0.527,1
0.622,0.563,1
0.633,0.557,1
0.629,0.598,1
0.618,0.569,1
0.643,0.568,1
0.626,0.568,1
0.639,0.583,1
0.64,0.586,1
0.628,0.582,1
0.625,0.556,1
0.614,0.578,1
0.651,0.585,1
0.638,0.596,1
0.639,0.584,1
0.621,0.609,1
0.601,0.58,1
0.638,0.574,1
0.635,0.592,1
0.637,0.54,1
0.637,0.597,1
0.645,0.614,1
0.626,0.582,1
0.63,0.592,1
0.599,0.574,1
0.633,0.59,1
0.614,0.587,1
0.625,0.585,1
0.623,0.611,1
0.635,0.593,1
0.616,0.642,1
0.626,0.559,1
0.59,0.644,1
0.587,0.605,1
0.602,0.617,1
0.605,0.608,1
0.614,0.614,1
0.637,0.612,1
0.613,0.637,1
0.622,0.625,1
0.597,0.616,1
0.598,0.626,1
0.601,0.636,1
0.602,0.624,1
0.639,0.625,1
0.612,0.627,1
0.626,0.643,1
0.587,0.644,1
0.599,0.648,1
0.606,0.656,1
0.606,0.631,1
0.611,0.629,1
0.576,0.644,1
0.6,0.678,1
0.608,0.674,1
0.61,0.685,1
0.594,0.674,1
0.612,0.653,1
0.61,0.621,1
0.575,0.639,1
0.594,0.645,1
0.618,0.656,1
0.613,0.686,1
0.572,0.674,1
0.597,0.715,1
0.595,0.654,1
0.608,0.683,1
0.585,0.674,1
0.581,0.672,1
0.609,0.685,1
0.596,0.691,1
0.58,0.688,1
0.609,0.703,1
0.595,0.706,1
0.571,0.695,1
0.609,0.697,1
0.594,0.682,1
0.555,0.678,1
0.607,0.677,1
0.592,0.682,1
0.608,0.75,1
0.608,0.727,1
0.583,0.713,1
0.636,0.704,1
0.593,0.709,1
0.608,0.716,1
0.588,0.701,1
0.601,0.692,1
0.604,0.723,1
0.591,0.714,1
0.594,0.695,1
0.588,0.728,1
0.584,0.689,1
0.612,0.705,1
0.597,0.724,1
0.591,0.724,1
0.603,0.734,1
0.609,0.708,1
0.596,0.735,1
0.612,0.69,1
0.606,0.74,1
0.591,0.722,1
0.595,0.737,1
0.591,0.744,1
0.596,0.729,1
0.598,0.747,1
0.596,0.737,1
0.609,0.747,1
0.613,0.712,1
0.609,0.735,1
0.615,0.786,1
0.569,0.752,1
0.581,0.778,1
0.598,0.765,1
0.607,0.736,1
0.596,0.75,1
0.576,0.757,1
0.598,0.776,1
0.612,0.765,1
0.596,0.754,1
0.593,0.746,1
0.592,0.78,1
0.608,0.76,1
0.622,0.747,1
0.599,0.752,1
0.598,0.771,1
0.614,0.787,1
0.613,0.741,1
0.584,0.755,1
0.584,0.794,1
0.589,0.784,1
0.592,0.805,1
0.583,0.802,1
0.59,0.762,1
0.607,0.813,1
0.605,0.801,1
0.595,0.822,1
0.584,0.793,1
0.574,0.836,1
0.586,0.827,1
0.588,0.823,1
0.569,0.784,1
0.593,0.808,1
0.581,0.805,1
0.578,0.84,1
0.592,0.824,1
0.568,0.819,1
0.583,0.822,1
0.605,0.803,1
0.564,0.833,1
0.585,0.842,1
0.586,0.792,1
0.595,0.795,1
0.571,0.804,1
0.598,0.82,1
0.583,0.838,1
0.568,0.794,1
0.57,0.8,1
0.573,0.821,1
0.548,0.812,1
0.583,0.788,1
0.57,0.812,1
0.566,0.839,1
0.559,0.851,1
0.577,0.833,1
0.553,0.865,1
0.557,0.808,1
0.571,0.819,1
0.55,0.82,1
0.558,0.821,1
0.559,0.844,1
0.557,0.839,1
0.549,0.858,1
0.557,0.842,1
0.555,0.823,1
0.538,0.866,1
0.533,0.832,1
0.559,0.86,1
0.556,0.827,1
0.552,0.856,1
0.549,0.868,1
0.542,0.866,1
0.517,0.875,1
0.561,0.866,1
0.534,0.821,1
0.543,0.827,1
0.567,0.838,1
0.521,0.848,1
0.509,0.841,1
0.542,0.837,1
0.533,0.873,1
0.538,0.834,1
0.542,0.841,1
0.512,0.866,1
0.502,0.854,1
0.507,0.85,1
0.525,0.841,1
0.509,0.871,1
0.539,0.82,1
0.516,0.867,1
0.53,0.862,1
0.47,0.877,1
0.498,0.861,1
0.505,0.876,1
0.517,0.893,1
0.506,0.858,1
0.507,0.841,1
0.499,0.876,1
0.473,0.879,1
0.47,0.867,1
0.487,0.887,1
0.477,0.86,1
0.471,0.849,1
0.475,0.87,1
0.479,0.856,1
0.482,0.875,1
0.458,0.891,1
0.466,0.867,1
0.481,0.911,1
0.477,0.888,1
0.472,0.892,1
0.474,0.848,1
0.451,0.862,1
0.454,0.889,1
0.458,0.864,1
0.449,0.906,1
0.453,0.894,1
0.455,0.878,1
0.459,0.86,1
0.432,0.89,1
0.45,0.845,1
0.438,0.88,1
0.457,0.88,1
0.44,0.885,1
0.433,0.882,1
0.445,0.855,1
0.427,0.865,1
0.418,0.864,1
0.409,0.915,1
0.404,0.868,1
0.427,0.89,1
0.412,0.843,1
0.416,0.865,1
0.41,0.883,1
0.428,0.891,1
0.412,0.914,1
0.426,0.872,1
0.418,0.867,1
0.431,0.905,1
0.4,0.87,1
0.387,0.893,1
0.399,0.907,1
0.395,0.9,1
0.414,0.856,1
0.425,0.886,1
0.397,0.87,1
0.407,0.883,1
0.391,0.87,1
0.398,0.87,1
0.412,0.879,1
0.368,0.904,1
0.391,0.879,1
0.398,0.893,1
0.374,0.918,1
0.38,0.921,1
0.386,0.877,1
0.39,0.902,1
0.391,0.905,1
0.374,0.862,1
0.362,0.879,1
0.37,0.861,1
0.361,0.85,1
0.385,0.871,1
0.375,0.859,1
0.387,0.899,1
0.37,0.88,1
0.37,0.885,1
0.391,0.86,1
0.362,0.879,1
0.387,0.915,1
0.361,0.877,1
0.369,0.87,1
0.388,0.881,1
0.386,0.877,1
0.36,0.891,1
0.347,0.876,1
0.382,0.879,1
0.366,0.909,1
0.349,0.892,1
0.359,0.916,1
0.349,0.88,1
0.353,0.878,1
0.348,0.907,1
0.35,0.884,1
0.329,0.869,1
0.335,0.912,1
0.347,0.885,1
0.336,0.888,1
0.363,0.875,1
0.34,0.897,1
0.372,0.882,1
0.33,0.899,1
0.352,0.904,1
0.348,0.874,1
0.334,0.864,1
0.334,0.87,1
0.337,0.878,1
0.358,0.834,1
0.328,0.873,1
0.319,0.86,1
0.36,0.864,1
0.339,0.891,1
0.329,0.88,1
0.328,0.854,1
0.311,0.9,1
0.313,0.87,1
0.335,0.831,1
0.336,0.863,1
0.308,0.863,1
0.309,0.882,1
0.345,0.874,1
0.324,0.87,1
0.314,0.847,1
0.334,0.864,1
0.319,0.887,1
0.339,0.882,1
0.33,0.854,1
0.299,0.841,1
0.303,0.865,1
0.31,0.833,1
0.317,0.862,1
0.304,0.867,1
0.315,0.836,1
0.322,0.875,1
0.31,0.829,1
0.319,0.893,1
0.32,0.863,1
0.319,0.875,1
0.31,0.836,1
0.315,0.845,1
0.318,0.867,1
0.292,0.887,1
0.29,0.834,1
0.308,0.853,1
0.295,0.855,1
0.306,0.878,1
0.295,0.889,1
0.295,0.841,1
0.384,0.653,2
0.371,0.634,2
0.418,0.661,2
0.378,0.658,2
0.377,0.67,2
0.375,0.666,2
0.396,0.672,2
0.366,0.643,2
0.349,0.662,2
0.387,0.67,2
0.387,0.672,2
0.359,0.635,2
0.376,0.657,2
0.375,0.631,2
0.398,0.623,2
0.379,0.667,2
0.39,0.631,2
0.376,0.609,2
0.393,0.636,2
0.378,0.603,2
0.378,0.643,2
0.411,0.638,2
0.373,0.662,2
0.37,0.656,2
0.386,0.608,2
0.387,0.655,2
0.4,0.611,2
0.376,0.622,2
0.396,0.61,2
0.37,0.592,2
0.378,0.613,2
0.376,0.602,2
0.394,0.621,2
0.416,0.643,2
0.374,0.65,2
0.395,0.585,2
0.374,0.644,2
0.378,0.632,2
0.382,0.605,2
0.379,0.62,2
0.41,0.609,2
0.401,0.619,2
0.374,0.613,2
0.391,0.615,2
0.362,0.614,2
0.367,0.586,2
0.381,0.566,2
0.374,0.58,2
0.423,0.588,2
0.394,0.588,2
0.357,0.56,2
0.378,0.575,2
0.371,0.597,2
0.38,0.606,2
0.406,0.57,2
0.378,0.572,2
0.364,0.573,2
0.369,0.578,2
0.386,0.571,2
0.371,0.576,2
0.396,0.595,2
0.385,0.583,2
0.368,0.586,2
0.392,0.591,2
0.386,0.555,2
0.405,0.536,2
0.38,0.567,2
0.385,0.574,2
0.369,0.546,2
0.373,0.602,2
0.409,0.557,2
0.375,0.568,2
0.367,0.559,2
0.4,0.555,2
0.402,0.581,2
0.381,0.586,2
0.384,0.56,2
0.374,0.559,2
0.401,0.539,2
0.345,0.572,2
0.384,0.521,2
0.387,0.575,2
0.402,0.565,2
0.401,0.53,2
0.393,0.506,2
0.374,0.54,2
0.385,0.526,2
0.381,0.546,2
0.385,0.509,2
0.397,0.547,2
0.382,0.535,2
0.399,0.531,2
0.398,0.512,2
0.378,0.508,2
0.388,0.53,2
0.393,0.556,2
0.398,0.557,2
0.388,0.503,2
0.4,0.531,2
0.386,0.554,2
0.382,0.528,2
0.37,0.53,2
0.398,0.504,2
0.404,0.504,2
0.382,0.506,2
0.381,0.496,2
0.39,0.532,2
0.369,0.51,2
0.393,0.53,2
0.394,0.483,2
0.392,0.533,2
0.407,0.505,2
0.387,0.529,2
0.392,0.527,2
0.408,0.517,2
0.403,0.51,2
0.385,0.491,2
0.415,0.532,2
0.397,0.519,2
0.396,0.489,2
0.387,0.499,2
0.397,0.499,2
0.403,0.523,2
0.401,0.528,2
0.399,0.503,2
0.394,0.506,2
0.395,0.486,2
0.372,0.449,2
0.393,0.473,2
0.405,0.515,2
0.393,0.492,2
0.414,0.531,2
0.382,0.502,2
0.414,0.486,2
0.397,0.506,2
0.419,0.48,2
0.422,0.468,2
0.394,0.502,2
0.382,0.504,2
0.396,0.484,2
0.399,0.478,2
0.389,0.515,2
0.4,0.485,2
0.402,0.477,2
0.406,0.478,2
0.398,0.498,2
0.39,0.462,2
0.39,0.476,2
0.397,0.483,2
0.379,0.471,2
0.41,0.466,2
0.407,0.473,2
0.387,0.474,2
0.401,0.474,2
0.397,0.455,2
0.4,0.477,2
0.387,0.462,2
0.413,0.452,2
0.403,0.459,2
0.409,0.441,2
0.395,0.472,2
0.407,0.455,2
0.407,0.474,2
0.387,0.445,2
0.42,0.432,2
0.42,0.426,2
0.395,0.448,2
0.416,0.437,2
0.422,0.445,2
0.421,0.392,2
0.402,0.41,2
0.423,0.427,2
0.407,0.422,2
0.398,0.417,2
0.412,0.429,2
0.399,0.408,2
0.415,0.405,2
0.397,0.404,2
0.399,0.372,2
0.406,0.415,2
0.388,0.412,2
0.415,0.404,2
0.43,0.427,2
0.441,0.39,2
0.409,0.414,2
0.427,0.389,2
0.418,0.38,2
0.446,0.42,2
0.41,0.426,2
0.44,0.407,2
0.438,0.386,2
0.424,0.388,2
0.433,0.382,2
0.446,0.385,2
0.439,0.375,2
0.447,0.387,2
0.449,0.38,2
0.437,0.349,2
0.45,0.362,2
0.442,0.373,2
0.418,0.384,2
0.432,0.372,2
0.44,0.399,2
0.452,0.344,2
0.435,0.349,2
0.448,0.355,2
0.451,0.379,2
0.451,0.361,2
0.449,0.338,2
0.434,0.376,2
0.452,0.368,2
0.446,0.358,2
0.431,0.358,2
0.454,0.372,2
0.442,0.37,2
0.461,0.384,2
0.449,0.366,2
0.443,0.347,2
0.47,0.33,2
0.448,0.356,2
0.465,0.326,2
0.452,0.354,2
0.452,0.346,2
0.464,0.316,2
0.454,0.333,2
0.458,0.328,2
0.438,0.342,2
0.465,0.333,2
0.463,0.335,2
0.448,0.317,2
0.479,0.31,2
0.48,0.308,2
0.454,0.329,2
0.476,0.346,2
0.463,0.344,2
0.454,0.32,2
0.477,0.332,2
0.451,0.319,2
0.483,0.306,2
0.464,0.328,2
0.462,0.333,2
0.469,0.296,2
0.48,0.319,2
0.483,0.317,2
0.461,0.342,2
0.482,0.325,2
0.492,0.332,2
0.487,0.307,2
0.481,0.318,2
0.464,0.307,2
0.48,0.315,2
0.446,0.275,2
0.495,0.306,2
0.497,0.311,2
0.495,0.308,2
0.488,0.31,2
0.498,0.299,2
0.509,0.274,2
0.504,0.308,2
0.514,0.281,2
0.502,0.356,2
0.508,0.313,2
0.501,0.314,2
0.506,0.276,2
0.488,0.292,2
0.501,0.304,2
0.526,0.285,2
0.528,0.276,2
0.548,0.26,2
0.52,0.283,2
0.536,0.274,2
0.538,0.287,2
0.564,0.268,2
0.544,0.259,2
0.579,0.263,2
0.565,0.275,2
0.554,0.258,2
0.553,0.279,2
0.586,0.263,2
0.574,0.283,2
0.582,0.274,2
0.542,0.274,2
0.559,0.27,2
0.571,0.257,2
0.564,0.279,2
0.595,0.287,2
0.582,0.283,2
0.567,0.278,2
0.588,0.281,2
0.587,0.25,2
0.592,0.285,2
0.598,0.26,2
0.591,0.27,2
0.572,0.258,2
0.594,0.269,2
0.582,0.27,2
0.58,0.261,2
0.58,0.275,2
0.577,0.273,2
0.615,0.236,2
0.621,0.259,2
0.607,0.231,2
0.593,0.238,2
0.589,0.26,2
0.583,0.238,2
0.644,0.2,2
0.615,0.24,2
0.645,0.287,2
0.644,0.244,2
0.628,0.248,2
0.648,0.241,2
0.728,0.21,2
0.69,0.231,2
0.715,0.25,2
0.702,0.245,2
0.695,0.23,2
0.713,0.218,2
0.708,0.231,2
0.704,0.226,2
0.717,0.259,2
0.738,0.235,2
0.71,0.259,2
0.739,0.251,2
0.738,0.226,2
0.712,0.232,2
0.751,0.241,2
0.764,0.255,2
0.732,0.231,2
0.735,0.285,2
0.739,0.211,2
0.721,0.252,2
0.732,0.294,2
0.741,0.23,2
0.759,0.247,2
0.741,0.229,2
0.748,0.254,2
0.754,0.24,2
0.732,0.298,2
0.746,0.269,2
0.754,0.232,2
0.764,0.24,2
0.746,0.24,2
0.73,0.25,2
0.76,0.263,2
0.755,0.264,2
0.783,0.231,2
0.778,0.223,2
0.76,0.28,2
0.757,0.27,2
0.775,0.266,2
0.727,0.263,2
0.765,0.298,2
0.761,0.26,2
0.795,0.294,2
0.751,0.268,2
0.751,0.278,2
0.771,0.255,2
0.756,0.269,2
0.762,0.291,2
0.753,0.258,2
0.788,0.298,2
0.766,0.27,2
0.794,0.249,2
0.757,0.273,2
0.762,0.287,2
0.788,0.24,2
0.793,0.284,2
0.781,0.303,2
0.774,0.28,2
0.78,0.276,2
0.782,0.266,2
0.784,0.3,2
0.76,0.29,2
0.785,0.297,2
0.767,0.288,2
0.79,0.323,2
0.781,0.279,2
0.773,0.306,2
0.798,0.293,2
0.784,0.31,2
0.786,0.316,2
0.783,0.295,2
0.79,0.308,2
0.806,0.311,2
0.783,0.295,2
0.801,0.312,2
0.775,0.314,2
0.801,0.288,2
0.81,0.344,2
0.792,0.326,2
0.798,0.331,2
0.805,0.325,2
0.798,0.326,2
0.82,0.317,2
0.812,0.288,2
0.805,0.307,2
0.801,0.336,2
0.792,0.329,2
0.802,0.358,2
0.804,0.309,2
0.797,0.325,2
0.777,0.321,2
0.81,0.339,2
0.793,0.331,2
0.815,0.333,2
0.794,0.273,2
0.821,0.343,2
0.798,0.346,2
0.799,0.341,2
0.818,0.365,2
0.809,0.347,2
0.84,0.347,2
0.818,0.368,2
0.812,0.394,2
0.79,0.363,2
0.786,0.339,2
0.813,0.399,2
0.804,0.341,2
0.797,0.356,2
0.816,0.363,2
0.826,0.348,2
0.809,0.367,2
0.824,0.394,2
0.83,0.366,2
0.808,0.386,2
0.816,0.4,2
0.814,0.354,2
0.817,0.368,2
0.816,0.372,2
0.83,0.377,2
0.833,0.389,2
0.831,0.419,2
0.825,0.42,2
0.788,0.363,2
0.826,0.405,2
0.83,0.382,2
0.841,0.419,2
0.846,0.413,2
0.828,0.414,2
0.839,0.414,2
0.836,0.422,2
0.832,0.398,2
0.828,0.429,2
0.824,0.408,2
0.815,0.437,2
0.842,0.417,2
0.815,0.422,2
0.83,0.417,2
0.818,0.433,2
0.847,0.472,2
0.829,0.456,2
0.857,0.451,2
0.839,0.433,2
0.827,0.435,2
0.804,0.435,2
0.84,0.421,2
0.795,0.454,2
0.836,0.433,2
0.824,0.478,2
0.847,0.457,2
0.835,0.452,2
0.821,0.473,2
0.842,0.437,2
0.845,0.462,2
0.838,0.459,2
0.819,0.482,2
0.85,0.493,2
0.828,0.491,2
0.847,0.5,2
0.821,0.448,2
0.831,0.493,2
0.862,0.508,2
0.849,0.485,2
0.834,0.536,2
0.84,0.462,2
0.847,0.537,2
0.852,0.536,2
0.847,0.508,2
0.847,0.527,2
0.832,0.552,2
0.859,0.524,2
0.829,0.538,2
0.848,0.494,2
0.837,0.518,2
0.861,0.519,2
0.834,0.537,2
0.844,0.536,2
0.836,0.546,2
0.84,0.547,2
0.828,0.543,2
0.845,0.539,2
0.836,0.518,2
0.856,0.54,2
0.828,0.554,2
0.861,0.585,2
0.839,0.586,2
0.84,0.553,2
0.806,0.548,2
0.823,0.535,2
0.85,0.582,2
0.855,0.582,2
0.843,0.58,2
0.853,0.617,2
0.849,0.601,2
0.849,0.553,2
0.843,0.565,2
0.85,0.616,2
0.82,0.6,2
0.839,0.61,2
0.838,0.585,2
0.843,0.607,2
0.852,0.605,2
0.836,0.626,2
0.854,0.602,2
0.84,0.641,2
0.872,0.618,2
0.853,0.624,2
0.833,0.643,2
0.821,0.644,2
0.853,0.614,2
0.851,0.627,2
0.844,0.669,2
0.823,0.628,2
0.837,0.629,2
0.824,0.648,2
0.834,0.639,2
0.824,0.64,2
0.824,0.642,2
0.855,0.654,2
0.811,0.666,2
0.827,0.649,2
0.817,0.651,2
0.827,0.641,2
0.83,0.652,2
0.838,0.692,2
0.838,0.672,2
0.852,0.706,2
0.84,0.672,2
0.847,0.671,2
0.832,0.636,2
0.847,0.673,2
0.838,0.686,2
0.852,0.697,2
0.816,0.683,2
0.818,0.674,2
0.821,0.686,2
0.81,0.689,2
0.839,0.705,2
0.825,0.73,2
0.828,0.714,2
0.819,0.687,2
0.82,0.707,2
0.833,0.657,2
0.824,0.678,2
0.831,0.706,2
0.83,0.688,2
0.817,0.687,2
0.809,0.687,2
0.833,0.68,2
0.831,0.692,2
0.826,0.663,2
0.831,0.696,2
0.8,0.699,2
0.819,0.702,2
0.844,0.69,2
0.818,0.672,2
0.839,0.668,2
0.826,0.664,2
0.83,0.708,2
0.824,0.699,2
0.818,0.719,2
0.86,0.7,2
0.83,0.671,2
0.818,0.676,2
0.797,0.723,2
0.834,0.694,2
0.844,0.691,2
0.812,0.718,2
0.825,0.696,2
0.839,0.749,2
0.838,0.684,2
0.817,0.712,2
0.817,0.679,2
0.822,0.697,2
0.833,0.669,2
0.828,0.728,2
0.792,0.702,2
0.826,0.7,2
0.806,0.702,2
0.816,0.703,2
0.837,0.7,2
0.832,0.725,2
0.808,0.714,2
0.818,0.702,2
0.842,0.694,2
0.829,0.732,2
0.835,0.698,2
0.795,0.754,2
0.845,0.699,2
0.831,0.719,2
0.812,0.669,2
0.829,0.672,2
0.843,0.697,2
0.843,0.679,2
0.815,0.683,2
0.795,0.676,2
0.803,0.669,2
0.818,0.684,2
0.833,0.662,2
0.825,0.644,2
0.829,0.659,2
0.834,0.679,2
0.824,0.649,2
0.824,0.622,2
0.83,0.655,2
0.833,0.608,2
0.844,0.67,2
0.797,0.612,2
0.81,0.654,2
0.823,0.603,2
0.819,0.629,2
0.832,0.647,2
0.826,0.606,2
0.813,0.637,2
0.825,0.621,2
0.833,0.644,2
0.812,0.647,2
0.813,0.613,2
0.812,0.59,2
0.836,0.623,2
0.813,0.573,2
0.826,0.58,2
0.821,0.613,2
0.841,0.619,2
0.832,0.624,2
0.832,0.622,2
0.824,0.57,2
0.819,0.616,2
0.853,0.59,2
0.829,0.602,2
0.84,0.593,2
0.823,0.555,2
0.817,0.602,2
0.833,0.591,2
0.819,0.589,2
0.826,0.579,2
0.814,0.604,2
0.82,0.57,2
0.83,0.589,2
0.82,0.533,2
0.831,0.57,2
0.824,0.559,2
0.831,0.582,2
0.818,0.571,2
0.841,0.545,2
0.826,0.544,2
0.822,0.547,2
0.816,0.545,2
0.826,0.558,2
0.833,0.568,2
0.833,0.556,2
0.833,0.525,2
0.846,0.519,2
0.83,0.511,2
0.837,0.515,2
0.819,0.527,2
0.826,0.484,2
0.809,0.528,2
0.827,0.514,2
0.825,0.497,2
0.841,0.519,2
0.851,0.5,2
0.85,0.487,2
0.831,0.508,2
0.837,0.48,2
0.821,0.489,2
0.817,0.501,2
0.814,0.466,2
0.842,0.472,2
0.824,0.496,2
0.843,0.484,2
0.838,0.491,2
0.82,0.466,2
0.813,0.456,2
0.842,0.494,2
0.819,0.493,2
0.813,0.445,2
0.844,0.455,2
0.822,0.47,2
0.846,0.452,2
0.846,0.453,2
0.844,0.473,2
0.85,0.441,2
0.824,0.482,2
0.843,0.464,2
0.82,0.451,2
0.83,0.44,2
0.842,0.419,2
0.835,0.44,2
0.827,0.416,2
0.839,0.476,2
0.851,0.402,2
0.829,0.422,2
0.856,0.432,2
0.824,0.414,2
0.849,0.414,2
0.838,0.437,2
0.81,0.422,2
0.817,0.442,2
0.799,0.442,2
0.846,0.427,2
0.835,0.401,2
0.832,0.414,2
0.815,0.405,2
0.823,0.397,2
0.821,0.414,2
0.842,0.408,2
0.837,0.417,2
0.816,0.4,2
0.822,0.362,2
0.838,0.398,2
0.842,0.392,2
0.851,0.399,2
0.814,0.404,2
0.827,0.375,2
0.83,0.363,2
0.832,0.385,2
0.818,0.376,2
0.817,0.388,2
0.819,0.34,2
0.827,0.393,2
0.803,0.335,2
0.825,0.356,2
0.803,0.365,2
0.796,0.378,2
0.813,0.386,2
0.834,0.362,2
0.831,0.362,2
0.784,0.37,2
0.793,0.307,2
0.821,0.324,2
0.796,0.378,2
0.808,0.311,2
0.815,0.34,2
0.821,0.34,2
0.813,0.351,2
0.826,0.355,2
0.797,0.337,2
0.801,0.337,2
0.824,0.325,2
0.824,0.337,2
0.809,0.345,2
0.816,0.347,2
0.798,0.339,2
0.802,0.325,2
0.795,0.344,2
0.785,0.328,2
0.81,0.328,2
0.787,0.313,2
0.793,0.335,2
0.803,0.3,2
0.793,0.306,2
0.796,0.318,2
0.797,0.316,2
0.809,0.311,2
0.805,0.333,2
0.771,0.322,2
0.798,0.306,2
0.792,0.29,2
0.814,0.341,2
0.794,0.314,2
0.805,0.31,2
0.801,0.339,2
0.787,0.287,2
0.785,0.295,2
0.81,0.29,2
0.797,0.275,2
0.792,0.289,2
0.78,0.278,2
0.798,0.289,2
0.792,0.287,2
0.781,0.278,2
0.758,0.287,2
0.772,0.279,2
0.778,0.283,2
0.787,0.299,2
0.79,0.302,2
0.761,0.294,2
0.775,0.269,2
0.786,0.295,2
0.763,0.28,2
0.762,0.305,2
0.757,0.287,2
0.773,0.287,2
0.751,0.263,2
0.781,0.278,2
0.759,0.281,2
0.744,0.29,2
0.765,0.263,2
0.759,0.271,2
0.771,0.27,2
0.751,0.265,2
0.723,0.261,2
0.756,0.247,2
0.755,0.282,2
0.776,0.257,2
0.77,0.238,2
0.784,0.27,2
0.719,0.248,2
0.741,0.226,2
0.745,0.227,2
0.741,0.221,2
0.727,0.239,2
0.76,0.229,2
0.746,0.217,2
0.724,0.233,2
0.711,0.228,2
0.727,0.232,2
0.726,0.264,2
0.7,0.256,2
0.736,0.234,2
0.729,0.19,2
0.702,0.274,2
0.726,0.258,2
0.705,0.247,2
0.703,0.212,2
0.708,0.238,2
0.701,0.224,2
0.712,0.225,2
0.714,0.222,2
0.711,0.239,2
0.706,0.226,2
0.701,0.236,2
0.698,0.24,2
0.697,0.233,2
0.685,0.239,2
0.684,0.235,2
0.709,0.234,2
0.676,0.176,2
0.684,0.193,2
0.71,0.249,2
0.686,0.217,2
0.725,0.233,2
0.683,0.227,2
0.659,0.227,2
0.686,0.218,2
0.684,0.244,2
0.669,0.261,2
0.665,0.221,2
0.698,0.21,2
0.672,0.215,2
0.671,0.217,2
0.648,0.232,2
0.647,0.226,2
0.67,0.194,2
0.666,0.229,2
0.655,0.221,2
0.63,0.242,2
0.652,0.211,2
0.628,0.219,2
0.66,0.203,2
0.648,0.189,2
0.666,0.223,2
0.641,0.23,2
0.591,0.218,2
0.608,0.199,2
0.608,0.225,2
0.633,0.229,2
0.612,0.243,2
0.623,0.207,2
0.628,0.191,2
0.591,0.226,2
0.625,0.239,2
0.611,0.229,2
0.6,0.232,2
0.611,0.223,2
0.59,0.264,2
0.591,0.203,2
0.553,0.237,2
0.559,0.247,2
0.532,0.22,2
0.56,0.244,2
0.563,0.219,2
0.566,0.249,2
0.547,0.231,2
0.522,0.268,2
0.524,0.248,2
0.54,0.276,2
0.55,0.266,2
0.529,0.241,2
0.523,0.23,2
0.522,0.249,2
0.493,0.266,2
0.526,0.282,2
0.504,0.273,2
0.496,0.247,2
0.504,0.262,2
0.503,0.255,2
0.509,0.256,2
0.498,0.283,2
0.498,0.287,2
0.507,0.287,2
0.485,0.245,2
0.511,0.282,2
0.516,0.306,2
0.5,0.248,2
0.491,0.273,2
0.472,0.252,2
0.491,0.274,2
0.491,0.268,2
0.467,0.286,2
0.509,0.292,2
0.493,0.292,2
0.482,0.294,2
0.464,0.323,2
0.482,0.299,2
0.496,0.309,2
0.476,0.35,2
0.462,0.309,2
0.489,0.29,2
0.484,0.34,2
0.449,0.32,2
0.475,0.322,2
0.464,0.326,2
0.448,0.284,2
0.455,0.302,2
0.487,0.296,2
0.464,0.341,2
0.453,0.342,2
0.459,0.352,2
0.464,0.349,2
0.477,0.326,2
0.466,0.356,2
0.432,0.337,2
0.459,0.351,2
0.447,0.347,2
0.448,0.376,2
0.445,0.374,2
0.418,0.381,2
0.471,0.347,2
0.454,0.338,2
0.421,0.347,2
0.432,0.358,2
0.431,0.363,2
0.441,0.369,2
0.478,0.412,2
0.436,0.357,2
0.458,0.38,2
0.433,0.373,2
0.432,0.383,2
0.453,0.376,2
0.434,0.4,2
0.414,0.403,2
0.432,0.398,2
0.436,0.414,2
0.433,0.445,2
0.393,0.484,2
0.422,0.456,2
0.426,0.436,2
0.453,0.452,2
0.416,0.429,2
0.411,0.405,2
0.426,0.442,2
0.418,0.481,2
0.406,0.459,2
0.396,0.476,2
0.422,0.448,2
0.392,0.442,2
0.411,0.482,2
0.398,0.451,2
0.4,0.484,2
0.391,0.504,2
0.388,0.532,2
0.407,0.481,2
0.414,0.468,2
0.383,0.504,2
0.405,0.524,2
0.397,0.461,2
0.403,0.504,2
0.387,0.527,2
0.404,0.511,2
0.393,0.512,2
0.392,0.523,2
0.398,0.531,2
0.381,0.546,2
0.418,0.545,2
0.368,0.539,2
0.414,0.543,2
0.382,0.542,2
0.395,0.522,2
0.369,0.591,2
0.404,0.561,2
0.38,0.556,2
0.4,0.549,2
0.39,0.554,2
0.383,0.574,2
0.395,0.536,2
0.364,0.583,2
0.402,0.565,2
0.39,0.58,2
0.368,0.578,2
0.391,0.563,2
0.395,0.581,2
0.385,0.616,2
0.369,0.614,2
0.37,0.587,2
0.396,0.589,2
0.388,0.588,2
0.384,0.609,2
0.404,0.615,2
0.397,0.589,2
0.414,0.613,2
0.403,0.612,2
0.403,0.581,2
0.413,0.6,2
0.412,0.597,2
0.395,0.598,2
0.369,0.594,2
0.419,0.623,2
0.4,0.644,2
0.395,0.618,2
0.387,0.614,2
0.401,0.632,2
0.379,0.615,2
0.39,0.607,2
0.407,0.662,2
0.394,0.68,2
0.392,0.678,2
0.396,0.656,2
0.405,0.665,2
0.398,0.637,2
0.374,0.607,2
0.381,0.65,2
0.381,0.667,2
0.399,0.672,2
0.382,0.669,2
0.381,0.675,2
0.385,0.655,2
0.372,0.68,2
0.39,0.654,2
0.402,0.68,2
0.422,0.667,2
0.382,0.632,2
0.407,0.667,2
0.394,0.685,2
0.414,0.667,2
0.388,0.636,2
0.392,0.639,2
0.377,0.639,2
0.374,0.669,2
0.383,0.64,2
0.397,0.662,2
0.383,0.68,2
0.411,0.653,2
0.399,0.608,2
0.385,0.633,2
0.387,0.65,2
0.382,0.673,2
0.378,0.637,2
0.389,0.652,2
0.399,0.625,2
0.371,0.632,2
0.359,0.615,2
0.393,0.62,2
0.395,0.621,2
0.38,0.652,2
0.379,0.65,2
0.395,0.63,2
0.383,0.614,2
0.382,0.604,2
0.364,0.606,2
0.389,0.582,2
0.38,0.604,2
0.36,0.64,2
0.367,0.582,2
0.369,0.588,2
0.39,0.55,2
0.405,0.598,2
0.375,0.568,2
0.39,0.563,2
0.392,0.564,2
0.384,0.487,2
0.358,0.528,2
0.389,0.503,2
0.403,0.523,2
0.39,0.526,2
0.359,0.483,2
0.381,0.529,2
0.379,0.476,2
0.391,0.464,2
0.382,0.496,2
0.41,0.479,2
0.412,0.473,2
0.388,0.444,2
0.412,0.488,2
0.386,0.448,2
0.387,0.445,2
0.38,0.459,2
0.417,0.413,2
0.405,0.416,2
0.433,0.479,2
0.404,0.453,2
0.404,0.435,2
0.413,0.422,2
0.408,0.422,2
0.416,0.419,2
0.402,0.414,2
0.382,0.414,2
0.416,0.414,2
0.408,0.384,2
0.397,0.381,2
0.406,0.37,2
0.42,0.386,2
0.408,0.374,2
0.412,0.432,2
0.425,0.384,2
0.424,0.379,2
0.441,0.344,2
0.443,0.375,2
0.452,0.373,2
0.442,0.371,2
0.42,0.398,2
0.421,0.366,2
0.454,0.381,2
0.459,0.381,2
0.474,0.358,2
0.447,0.369,2
0.444,0.325,2
0.462,0.368,2
0.458,0.332,2
0.465,0.342,2
0.459,0.341,2
0.457,0.351,2
0.481,0.344,2
0.474,0.295,2
0.485,0.371,2
0.48,0.332,2
0.494,0.333,2
0.476,0.32,2
0.472,0.315,2
0.469,0.357,2
0.492,0.337,2
0.464,0.348,2
0.474,0.338,2
0.544,0.319,2
0.567,0.273,2
0.579,0.283,2
0.577,0.271,2
0.589,0.272,2
0.629,0.282,2
0.597,0.269,2
0.581,0.267,2
0.615,0.263,2
0.622,0.274,2
0.603,0.287,2
0.582,0.236,2
0.63,0.266,2
0.603,0.276,2
0.612,0.257,2
0.611,0.266,2
0.629,0.282,2
0.601,0.265,2
0.62,0.272,2
0.642,0.26,2
0.603,0.26,2
0.626,0.265,2
0.611,0.266,2
0.619,0.219,2
0.636,0.229,2
0.619,0.252,2
0.623,0.27,2
0.662,0.237,2
0.638,0.249,2
0.661,0.261,2
0.645,0.254,2
0.654,0.274,2
0.639,0.255,2
0.636,0.251,2
0.635,0.225,2
0.656,0.254,2
0.671,0.277,2
0.633,0.257,2
0.637,0.248,2
0.671,0.259,2
0.654,0.257,2
0.677,0.261,2
0.676,0.239,2
0.665,0.237,2
0.674,0.199,2
0.658,0.24,2
0.648,0.24,2
0.668,0.245,2
0.69,0.211,2
0.719,0.225,2
0.668,0.22,2
0.691,0.245,2
0.696,0.232,2
0.684,0.258,2
0.687,0.253,2
0.721,0.245,2
0.716,0.253,2
0.753,0.271,2
0.721,0.237,2
0.71,0.259,2
0.707,0.227,2
0.731,0.249,2
0.736,0.203,2
0.718,0.187,2
0.744,0.239,2
0.732,0.28,2
0.725,0.207,2
0.741,0.222,2
0.743,0.272,2
0.752,0.254,2
0.735,0.243,2
0.732,0.239,2
0.741,0.234,2
0.742,0.213,2
0.717,0.245,2
0.725,0.24,2
0.762,0.256,2
0.743,0.249,2
0.753,0.224,2
0.734,0.221,2
0.751,0.217,2
0.752,0.197,2
0.753,0.23,2
0.793,0.236,2
0.769,0.238,2
0.75,0.234,2
0.759,0.267,2
0.765,0.243,2
0.725,0.263,2
0.746,0.236,2
0.769,0.271,2
0.759,0.252,2
0.76,0.279,2
0.743,0.306,2
0.77,0.249,2
0.765,0.253,2
0.759,0.276,2
0.78,0.272,2
0.741,0.269,2
0.776,0.337,2
0.776,0.282,2
0.751,0.279,2
0.799,0.298,2
0.77,0.257,2
0.778,0.311,2
0.772,0.305,2
0.75,0.306,2
0.781,0.318,2
0.768,0.305,2
0.774,0.324,2
0.763,0.292,2
0.784,0.349,2
0.753,0.338,2
0.812,0.331,2
0.774,0.305,2
0.775,0.388,2
0.771,0.328,2
0.793,0.341,2
0.79,0.331,2
0.777,0.351,2
0.79,0.347,2
0.78,0.358,2
0.793,0.351,2
0.798,0.33,2
0.786,0.373,2
0.804,0.375,2
0.791,0.343,2
0.798,0.367,2
0.787,0.39,2
0.812,0.361,2
0.793,0.36,2
0.787,0.354,2
0.814,0.351,2
0.814,0.386,2
0.822,0.368,2
0.801,0.35,2
0.791,0.388,2
0.809,0.362,2
0.803,0.355,2
0.825,0.403,2
0.81,0.372,2
0.806,0.381,2
0.813,0.412,2
0.823,0.405,2
0.813,0.358,2
0.804,0.418,2
0.812,0.407,2
0.825,0.396,2
0.812,0.421,2
0.816,0.397,2
0.816,0.404,2
0.821,0.422,2
0.804,0.377,2
0.822,0.379,2
0.803,0.424,2
0.84,0.413,2
0.828,0.437,2
0.817,0.407,2
0.809,0.445,2
0.778,0.391,2
0.82,0.463,2
0.827,0.427,2
0.839,0.437,2
0.83,0.405,2
0.864,0.458,2
0.818,0.421,2
0.813,0.393,2
0.826,0.439,2
0.85,0.472,2
0.832,0.456,2
0.801,0.409,2
0.834,0.469,2
0.84,0.457,2
0.835,0.464,2
0.824,0.481,2
0.842,0.484,2
0.837,0.482,2
0.837,0.457,2
0.847,0.47,2
0.845,0.478,2
0.837,0.463,2
0.834,0.516,2
0.84,0.492,2
0.831,0.494,2
0.829,0.494,2
0.814,0.539,2
0.844,0.47,2
0.828,0.509,2
0.83,0.513,2
0.835,0.518,2
0.817,0.525,2
0.848,0.518,2
0.837,0.524,2
0.829,0.524,2
0.855,0.505,2
0.813,0.504,2
0.837,0.547,2
0.829,0.519,2
0.824,0.561,2
0.823,0.547,2
0.828,0.524,2
0.832,0.546,2
0.823,0.551,2
0.836,0.542,2
0.834,0.543,2
0.851,0.496,2
0.853,0.55,2
0.809,0.525,2
0.854,0.553,2
0.839,0.591,2
0.835,0.586,2
0.827,0.578,2
0.835,0.59,2
0.852,0.585,2
0.829,0.61,2
0.809,0.616,2
0.826,0.631,2
0.819,0.613,2
0.823,0.597,2
0.843,0.601,2
0.829,0.636,2
0.819,0.57,2
0.816,0.621,2
0.847,0.635,2
0.834,0.643,2
0.827,0.651,2
0.828,0.651,2
0.84,0.637,2
0.827,0.642,2
0.844,0.598,2
0.811,0.642,2
0.859,0.663,2
0.816,0.654,2
0.821,0.658,2
0.818,0.627,2
0.826,0.635,2
0.831,0.649,2
0.811,0.663,2
0.806,0.688,2
0.804,0.631,2
0.836,0.612,2
0.839,0.646,2
0.84,0.643,2
0.839,0.648,2
0.824,0.661,2
0.818,0.653,2
0.852,0.651,2
0.823,0.68,2
0.86,0.657,2
0.817,0.657,2
0.819,0.667,2
0.791,0.691,2
0.81,0.639,2
0.823,0.69,2
0.833,0.701,2
0.804,0.677,2
0.83,0.651,2
0.821,0.665,2
0.814,0.695,2
0.824,0.68,2
0.84,0.662,2
0.803,0.699,2
0.8,0.724,2
0.827,0.693,2
0.826,0.69,2
0.816,0.682,2
0.821,0.703,2
0.84,0.71,2
0.828,0.701,2
0.809,0.697,2
0.825,0.695,2
0.825,0.705,2
0.844,0.685,2
0.82,0.701,2
0.811,0.701,2
0.812,0.716,2
0.841,0.725,2
0.839,0.665,2
0.82,0.705,2
0.835,0.713,2
0.823,0.681,2
0.824,0.696,2
0.807,0.693,2
0.838,0.726,2
0.833,0.705,2
0.803,0.67,2
0.826,0.708,2
0.823,0.709,2
0.802,0.678,2
0.823,0.694,2
0.817,0.721,2
0.822,0.702,2
0.83,0.726,2
0.815,0.704,2
0.843,0.709,2
0.819,0.686,2
0.827,0.716,2
0.816,0.72,2
0.835,0.708,2
0.822,0.711,2
0.834,0.686,2
0.814,0.616,2
0.833,0.629,2
0.813,0.647,2
0.806,0.623,2
0.822,0.6,2
0.835,0.665,2
0.849,0.481,2
0.833,0.499,2
0.817,0.51,2
0.844,0.537,2
0.838,0.545,2
0.82,0.542,2
0.835,0.511,2
0.829,0.441,2
0.832,0.431,2
0.855,0.442,2
0.833,0.439,2
0.845,0.452,2
0.818,0.427,2
0.831,0.457,2
0.825,0.404,2
0.839,0.429,2
0.814,0.456,2
0.83,0.405,2
0.815,0.419,2
0.81,0.433,2
0.822,0.411,2
0.792,0.36,2
0.816,0.348,2
0.801,0.344,2
0.796,0.354,2
0.809,0.361,2
0.825,0.366,2
0.806,0.372,2
0.813,0.294,2
0.804,0.313,2
0.806,0.291,2
0.806,0.325,2
0.787,0.323,2
0.812,0.322,2
0.815,0.297,2
0.805,0.254,2
0.776,0.282,2
0.78,0.282,2
0.81,0.306,2
0.834,0.313,2
0.792,0.317,2
0.804,0.323,2
0.782,0.305,2
0.789,0.287,2
0.773,0.282,2
0.785,0.266,2
0.763,0.254,2
0.783,0.264,2
0.782,0.261,2
0.751,0.284,2
0.758,0.253,2
0.746,0.257,2
0.753,0.225,2
0.762,0.273,2
0.741,0.264,2
0.741,0.205,2
0.689,0.217,2
0.707,0.211,2
0.709,0.211,2
0.695,0.266,2
0.712,0.226,2
0.706,0.25,2
0.728,0.242,2
0.632,0.219,2
0.668,0.221,2
0.647,0.195,2
0.628,0.237,2
0.636,0.238,2
0.642,0.202,2
0.639,0.188,2
0.611,0.215,2
0.589,0.21,2
0.606,0.197,2
0.597,0.23,2
0.615,0.25,2
0.616,0.202,2
0.59,0.228,2
0.529,0.23,2
0.524,0.251,2
0.521,0.265,2
0.542,0.212,2
0.529,0.258,2
0.523,0.213,2
0.526,0.201,2
0.466,0.229,2
0.467,0.221,2
0.467,0.261,2
0.487,0.229,2
0.493,0.227,2
0.483,0.231,2
0.463,0.263,2
0.449,0.264,2
0.452,0.249,2
0.456,0.275,2
0.475,0.28,2
0.483,0.225,2
0.461,0.275,2
0.432,0.256,2
0.455,0.283,2
0.428,0.264,2
0.446,0.297,2
0.417,0.304,2
0.461,0.245,2
0.43,0.266,2
0.441,0.27,2
0.43,0.281,2
0.422,0.325,2
0.426,0.318,2
0.426,0.313,2
0.432,0.296,2
0.427,0.311,2
0.44,0.303,2
0.44,0.27,2
0.43,0.337,2
0.437,0.296,2
0.449,0.318,2
0.433,0.308,2
0.428,0.303,2
0.429,0.313,2
0.408,0.313,2
0.438,0.328,2
0.417,0.309,2
0.411,0.306,2
0.425,0.269,2
0.424,0.314,2
0.448,0.256,2
0.426,0.29,2
0.43,0.294,2
0.424,0.296,2
0.432,0.265,2
0.442,0.285,2
0.442,0.337,2
0.415,0.301,2
0.482,0.257,2
0.492,0.265,2
0.492,0.287,2
0.47,0.283,2
0.477,0.253,2
0.47,0.255,2
0.452,0.282,2
0.533,0.25,2
0.532,0.242,2
0.528,0.27,2
0.539,0.234,2
0.531,0.24,2
0.516,0.271,2
0.536,0.26,2
0.549,0.24,2
0.558,0.238,2
0.541,0.214,2
0.55,0.232,2
0.545,0.221,2
0.575,0.233,2
0.552,0.215,2
0.562,0.208,2
0.543,0.223,2
0.58,0.24,2
0.561,0.221,2
0.551,0.262,2
0.541,0.24,2
0.561,0.221,2
0.552,0.215,2
0.576,0.246,2
0.561,0.224,2
0.563,0.22,2
0.577,0.216,2
0.57,0.213,2
0.56,0.227,2
0.533,0.21,2
0.544,0.224,2
0.555,0.239,2
0.575,0.227,2
0.554,0.256,2
0.57,0.205,2
0.537,0.204,2
0.527,0.267,2
0.533,0.225,2
0.503,0.268,2
0.522,0.268,2
0.527,0.276,2
0.515,0.241,2
0.539,0.256,2
0.451,0.349,2
0.434,0.369,2
0.421,0.349,2
0.443,0.35,2
0.425,0.329,2
0.435,0.345,2
0.444,0.37,2
0.401,0.419,2
0.388,0.402,2
0.365,0.43,2
0.374,0.38,2
0.378,0.409,2
0.361,0.436,2
0.387,0.415,2
0.384,0.409,2
0.388,0.396,2
0.388,0.419,2
0.375,0.455,2
0.363,0.44,2
0.385,0.447,2
0.371,0.42,2
0.386,0.472,2
0.361,0.471,2
0.35,0.448,2
0.379,0.463,2
0.373,0.455,2
0.357,0.419,2
0.379,0.459,2
0.364,0.473,2
0.355,0.445,2
0.377,0.458,2
0.389,0.473,2
0.374,0.469,2
0.384,0.457,2
0.368,0.473,2
0.365,0.477,2
0.395,0.474,2
0.38,0.455,2
0.352,0.482,2
0.353,0.512,2
0.379,0.479,2
0.374,0.517,2
0.396,0.462,2
0.374,0.471,2
0.375,0.493,2
0.375,0.488,2
0.356,0.456,2
0.358,0.466,2
0.392,0.482,2
0.397,0.507,2
0.392,0.537,2
0.368,0.532,2
0.382,0.538,2
0.364,0.515,2
0.373,0.548,2
0.377,0.529,2
0.372,0.548,2
0.378,0.542,2
0.363,0.546,2
0.347,0.556,2
0.363,0.536,2
0.363,0.558,2
0.378,0.522,2
0.393,0.533,2
0.395,0.54,2
0.398,0.566,2
0.398,0.565,2
0.36,0.574,2
0.376,0.562,2
0.37,0.539,2
0.384,0.593,2
0.376,0.554,2
0.384,0.582,2
0.383,0.586,2
0.389,0.598,2
0.381,0.573,2
0.373,0.58,2
0.389,0.592,2
0.402,0.613,2
0.377,0.582,2
0.406,0.588,2
0.366,0.572,2
0.398,0.598,2
0.37,0.584,2
0.391,0.591,2
0.394,0.557,2
0.376,0.61,2
0.359,0.622,2
0.397,0.596,2
0.394,0.639,2
0.4,0.608,2
0.421,0.613,2
0.351,0.597,2
0.41,0.626,2
0.393,0.593,2
0.37,0.609,2
0.375,0.649,2
0.387,0.632,2
0.362,0.655,2
0.394,0.608,2
0.391,0.635,2
0.404,0.641,2
0.396,0.619,2
0.385,0.618,2
0.36,0.614,2
0.391,0.626,2
0.402,0.612,2
0.37,0.639,2
0.383,0.563,2
0.385,0.638,2
0.389,0.608,2
0.385,0.64,2
0.388,0.579,2
0.374,0.591,2
0.385,0.599,2
0.386,0.576,2
0.373,0.601,2
0.4,0.623,2
0.363,0.56,2
0.371,0.562,2
0.351,0.499,2
0.361,0.533,2
0.369,0.488,2
0.358,0.543,2
0.376,0.534,2
0.4,0.52,2
0.373,0.507,2
0.401,0.506,2
0.374,0.48,2
0.384,0.528,2
0.412,0.515,2
0.39,0.524,2
0.386,0.53,2
0.401,0.443,2
0.38,0.469,2
0.397,0.468,2
0.375,0.455,2
0.4,0.421,2
0.38,0.435,2
0.401,0.485,2
0.408,0.39,2
0.401,0.402,2
0.402,0.448,2
0.379,0.435,2
0.393,0.398,2
0.435,0.4,2
0.383,0.432,2
0.373,0.347,2
0.423,0.347,2
0.404,0.348,2
0.427,0.361,2
0.407,0.334,2
0.403,0.354,2
0.399,0.378,2
0.399,0.33,2
0.434,0.355,2
0.439,0.352,2
0.394,0.338,2
0.428,0.327,2
0.401,0.333,2
0.426,0.341,2
0.413,0.303,2
0.404,0.326,2
0.447,0.313,2
0.426,0.313,2
0.419,0.318,2
0.425,0.319,2
0.416,0.342,2
0.427,0.268,2
0.442,0.318,2
0.449,0.3,2
0.434,0.326,2
0.464,0.281,2
0.469,0.298,2
0.456,0.296,2
0.507,0.294,2
0.459,0.288,2
0.475,0.304,2
0.48,0.302,2
0.486,0.314,2
0.51,0.253,2
0.472,0.306,2
0.519,0.264,2
0.513,0.216,2
0.518,0.292,2
0.523,0.232,2
0.551,0.274,2
0.493,0.26,2
0.535,0.266,2
0.539,0.266,2
0.534,0.247,2
0.555,0.239,2
0.562,0.227,2
0.568,0.259,2
0.554,0.27,2
0.563,0.278,2
0.572,0.248,2
0.572,0.266,2
0.602,0.252,2
0.589,0.253,2
0.572,0.254,2
0.573,0.23,2
0.569,0.281,2
0.638,0.255,2
0.663,0.253,2
0.622,0.269,2
0.666,0.237,2
0.645,0.255,2
0.652,0.236,2
0.643,0.257,2
0.663,0.209,2
0.692,0.265,2
0.663,0.23,2
0.654,0.236,2
0.668,0.236,2
0.662,0.213,2
0.658,0.218,2
0.652,0.264,2
0.688,0.184,2
0.686,0.233,2
0.68,0.236,2
0.688,0.199,2
0.67,0.244,2
0.696,0.204,2
0.709,0.23,2
0.714,0.232,2
0.716,0.205,2
0.71,0.207,2
0.73,0.239,2
0.719,0.206,2
0.709,0.242,2
0.692,0.234,2
0.715,0.225,2
0.691,0.228,2
0.704,0.222,2
0.71,0.221,2
0.742,0.225,2
0.704,0.195,2
0.69,0.242,2
0.713,0.194,2
0.7,0.218,2
0.721,0.204,2
0.712,0.214,2
0.718,0.204,2
0.717,0.211,2
0.69,0.202,2
0.724,0.186,2
0.695,0.209,2
0.696,0.208,2
0.695,0.224,2
0.723,0.248,2
0.727,0.222,2
0.691,0.204,2
0.706,0.233,2
0.686,0.181,2
0.709,0.219,2
0.689,0.197,2
0.695,0.21,2
0.684,0.226,2
0.66,0.216,2
0.684,0.216,2
0.681,0.227,2
0.676,0.193,2
0.692,0.187,2
0.685,0.207,2
0.691,0.192,2
0.647,0.209,2
0.644,0.206,2
0.623,0.233,2
0.655,0.223,2
0.632,0.228,2
0.622,0.222,2
0.617,0.213,2
0.54,0.214,2
0.535,0.242,2
0.555,0.22,2
0.559,0.243,2
0.566,0.23,2
0.552,0.184,2
0.543,0.251,2
0.504,0.281,2
0.484,0.266,2
0.473,0.274,2
0.471,0.268,2
0.492,0.275,2
0.488,0.263,2
0.489,0.269,2
0.42,0.308,2
0.403,0.3,2
0.403,0.319,2
0.431,0.296,2
0.436,0.332,2
0.455,0.281,2
0.441,0.308,2
0.416,0.34,2
0.412,0.368,2
0.395,0.358,2
0.419,0.345,2
0.399,0.35,2
0.407,0.348,2
0.406,0.379,2
0.415,0.395,2
0.404,0.402,2
0.398,0.385,2
0.426,0.414,2
0.395,0.412,2
0.405,0.388,2
0.385,0.401,2
0.396,0.436,2
0.392,0.441,2
0.404,0.451,2
0.376,0.431,2
0.383,0.425,2
0.414,0.434,2
0.415,0.414,2
0.371,0.498,2
0.376,0.49,2
0.368,0.508,2
0.396,0.482,2
0.383,0.495,2
0.396,0.488,2
0.386,0.507,2
0.372,0.506,2
0.368,0.507,2
0.388,0.503,2
0.378,0.515,2
0.371,0.511,2
0.362,0.517,2
0.391,0.548,2
0.349,0.545,2
0.38,0.538,2
0.377,0.544,2
0.384,0.564,2
0.391,0.533,2
0.387,0.535,2
0.375,0.511,2
0.361,0.536,2
0.375,0.59,2
0.357,0.547,2
0.367,0.585,2
0.367,0.553,2
0.342,0.519,2
0.369,0.56,2
0.399,0.576,2
0.382,0.587,2
0.379,0.56,2
0.381,0.617,2
0.379,0.581,2
0.386,0.594,2
0.382,0.586,2
0.387,0.593,2
0.398,0.606,2
0.382,0.595,2
0.394,0.585,2
0.419,0.599,2
0.376,0.604,2
0.353,0.605,2
0.378,0.616,2
0.386,0.627,2
0.379,0.614,2
0.39,0.597,2
0.386,0.59,2
0.371,0.601,2
0.363,0.62,2
0.378,0.623,2
0.383,0.617,2
0.364,0.644,2
0.401,0.622,2
0.387,0.623,2
0.358,0.628,2
0.368,0.616,2
0.418,0.616,2
0.385,0.613,2
0.38,0.616,2
0.39,0.61,2
0.392,0.643,2
0.372,0.614,2
0.392,0.578,2
0.377,0.52,2
0.364,0.498,2
0.346,0.523,2
0.357,0.452,2
0.37,0.457,2
0.377,0.526,2
0.37,0.504,2
0.389,0.394,2
0.398,0.423,2
0.376,0.398,2
0.365,0.388,2
0.381,0.391,2
0.359,0.395,2
0.355,0.393,2
0.403,0.322,2
0.362,0.316,2
0.381,0.298,2
0.408,0.297,2
0.399,0.294,2
0.375,0.301,2
0.382,0.279,2
0.392,0.231,2
0.419,0.263,2
0.415,0.262,2
0.407,0.264,2
0.415,0.255,2
0.418,0.217,2
0.403,0.225,2
0.411,0.189,2
0.436,0.238,2
0.438,0.204,2
0.429,0.232,2
0.435,0.247,2
0.454,0.242,2
0.452,0.225,2
0.474,0.199,2
0.459,0.179,2
0.451,0.199,2
0.445,0.219,2
0.455,0.207,2
0.447,0.223,2
0.443,0.192,2
0.477,0.207,2
0.482,0.211,2
0.472,0.242,2
0.473,0.204,2
0.482,0.186,2
0.474,0.179,2
0.466,0.218,2
0.512,0.198,2
0.498,0.189,2
0.494,0.169,2
0.509,0.173,2
0.477,0.194,2
0.48,0.188,2
0.507,0.171,2
0.509,0.206,2
0.512,0.163,2
0.551,0.185,2
0.529,0.201,2
0.513,0.187,2
0.512,0.191,2
0.501,0.191,2
0.547,0.186,2
0.541,0.194,2
0.531,0.198,2
0.533,0.231,2
0.554,0.205,2
0.547,0.163,2
0.537,0.182,2
0.587,0.234,2
0.559,0.181,2
0.558,0.19,2
0.572,0.182,2
0.598,0.197,2
0.582,0.216,2
0.595,0.188,2
0.613,0.17,2
0.616,0.209,2
0.594,0.173,2
0.607,0.208,2
0.606,0.208,2
0.61,0.18,2
0.625,0.177,2
0.667,0.215,2
0.67,0.208,2
0.662,0.19,2
0.668,0.197,2
0.65,0.194,2
0.668,0.181,2
0.637,0.165,2
0.725,0.193,2
0.714,0.206,2
0.717,0.217,2
0.733,0.208,2
0.718,0.188,2
0.712,0.226,2
0.711,0.202,2
0.775,0.196,2
0.782,0.224,2
0.779,0.202,2
0.756,0.269,2
0.763,0.196,2
0.747,0.221,2
0.777,0.21,2
0.79,0.225,2
0.777,0.234,2
0.764,0.219,2
0.789,0.226,2
0.767,0.258,2
0.786,0.25,2
0.769,0.2,2
0.787,0.287,2
0.79,0.231,2
0.807,0.26,2
0.769,0.226,2
0.809,0.22,2
0.799,0.227,2
0.767,0.224,2
0.784,0.254,2
0.79,0.238,2
0.806,0.241,2
0.812,0.259,2
0.797,0.261,2
0.775,0.241,2
0.812,0.253,2
0.822,0.264,2
0.809,0.255,2
0.787,0.274,2
0.829,0.289,2
0.779,0.27,2
0.811,0.238,2
0.807,0.285,2
0.799,0.28,2
0.803,0.302,2
0.816,0.302,2
0.799,0.305,2
0.791,0.305,2
0.806,0.293,2
0.822,0.277,2
0.808,0.312,2
0.799,0.29,2
0.819,0.316,2
0.831,0.326,2
0.82,0.321,2
0.817,0.353,2
0.812,0.324,2
0.852,0.353,2
0.808,0.303,2
0.795,0.336,2
0.809,0.349,2
0.847,0.327,2
0.814,0.317,2
0.831,0.317,2
0.835,0.348,2
0.813,0.341,2
0.835,0.35,2
0.809,0.362,2
0.806,0.387,2
0.823,0.338,2
0.826,0.329,2
0.807,0.387,2
0.838,0.369,2
0.818,0.386,2
0.85,0.385,2
0.832,0.332,2
0.823,0.372,2
0.834,0.408,2
0.843,0.441,2
0.808,0.38,2
0.842,0.403,2
0.849,0.432,2
0.819,0.433,2
0.826,0.423,2
0.836,0.414,2
0.809,0.47,2
0.824,0.419,2
0.848,0.45,2
0.835,0.415,2
0.823,0.456,2
0.817,0.461,2
0.845,0.473,2
0.834,0.48,2
0.865,0.45,2
0.825,0.47,2
0.839,0.484,2
0.855,0.484,2
0.824,0.487,2
0.838,0.501,2
0.803,0.503,2
0.84,0.478,2
0.865,0.504,2
0.835,0.507,2
0.832,0.518,2
0.82,0.502,2
0.836,0.512,2
0.865,0.517,2
0.829,0.495,2
0.854,0.527,2
0.866,0.538,2
0.825,0.516,2
0.855,0.526,2
0.825,0.547,2
0.826,0.557,2
0.831,0.547,2
0.855,0.563,2
0.826,0.548,2
0.839,0.567,2
0.833,0.546,2
0.843,0.565,2
0.844,0.619,2
0.839,0.617,2
0.849,0.595,2
0.834,0.583,2
0.833,0.593,2
0.846,0.603,2
0.832,0.58,2
0.837,0.581,2
0.863,0.63,2
0.834,0.616,2
0.817,0.6,2
0.826,0.6,2
0.865,0.635,2
0.833,0.623,2
0.831,0.634,2
0.834,0.631,2
0.829,0.597,2
0.818,0.631,2
0.84,0.623,2
0.824,0.625,2
0.849,0.631,2
0.834,0.663,2
0.832,0.595,2
0.828,0.616,2
0.823,0.652,2
0.86,0.65,2
0.845,0.623,2
0.829,0.654,2
0.825,0.667,2
0.846,0.633,2
0.838,0.634,2
0.843,0.659,2
0.843,0.65,2
0.829,0.657,2
0.836,0.621,2
0.853,0.65,2
0.826,0.646,2
0.833,0.643,2
0.819,0.638,2
0.829,0.648,2
0.81,0.633,2
0.83,0.649,2
0.854,0.669,2
0.836,0.634,2
0.828,0.648,2
0.813,0.657,2
0.812,0.659,2
0.818,0.669,2
0.819,0.667,2
0.815,0.675,2
0.827,0.679,2
0.835,0.641,2
0.824,0.635,2
0.842,0.672,2
0.836,0.646,2
0.834,0.647,2
0.829,0.674,2
0.843,0.673,2
0.838,0.683,2
0.852,0.675,2
0.849,0.644,2
0.837,0.67,2
0.829,0.646,2
0.5,0.271,2
0.516,0.264,2
0.507,0.269,2
0.526,0.237,2
0.513,0.233,2
0.506,0.221,2
0.515,0.26,2
